0,0,0,0,0,0,0,0,0,0,0,0,0,0,0,0,0,0,0,0,0,0,0,0,0.5627,1.688,1.688,1.688,2.8134,2.8134,3.376,3.376,3.376,3.376,4.5014,5.0641,5.0641,5.6267,5.6267,6.1894,7.8774,10.1281,12.9415,14.6295,15.7549,18.0056,19.1309,23.6323,23.6323,38.8246,41.0753,51.7661,61.8942,72.0224,90.028,111.9723,125.4765,125.4765,140.6687,163.1757,184.5574,204.8137,221.1313,232.3848,243.6383,282.4628,329.1648,367.9894,396.6858,425.3823,484.4631,530.6025,617.8171,687.5888,710.6585,732.6028,786.6196,821.5054,907.032,948.67,1009.4389,1079.7732,1104.5309,1149.5449,1357.7347,1406.1247,1496.1527,1560.8603,1749.3564,1801.1225,1838.8218,1965.4236,2173.0507,2392.4939,2533.1627,2668.7673,2780.7396,2910.1549,3081.7707,3215.1247,3634.3175,3861.0756,4333.1598,4563.2939,4853.6342,5187.8631,5542.3483,5934.5328,6315.4637,6588.9237,6676.1384,6853.381,7320.4012,7633.8111,7767.1651,8076.0737,8413.116,8541.9685,8905.4565,9283.5741,9804.0484,10225.492,10843.3091,11104.3903,11152.2176,11481.9452,11957.4055,12110.4531,12361.9688,12514.4537,12917.329
0,0,0,0,0,0,0,0,0,0,0,0,0,0,0,0,0,0,0,0,0,3.4016,3.4016,4.5355,7.9371,12.4726,12.4726,19.2758,23.8113,26.079,27.2129,28.3468,28.3468,38.5516,47.6226,47.6226,48.7564,51.0242,52.158,52.158,54.4258,56.6935,56.6935,65.7645,70.3,79.3709,81.6387,87.308,102.0483,112.2532,114.5209,130.3951,153.0725,161.0096,184.8209,199.5612,221.1047,242.6483,257.3886,265.3257,292.5386,316.3498,341.295,359.4369,401.3901,458.0836,552.1949,627.0303,746.0867,831.127,926.3721,1069.2398,1149.7446,1334.5655,1513.717,1640.7105,1655.4508,1802.854,1920.7765,1972.9345,2023.9587,2116.9361,2264.3392,2533.0665,2814.2664,3194.1129,3518.3999,3790.5288,4384.6769,4716.9009,5103.5507,5421.0344,5953.9535,6349.6743,6622.9371,6884.8611,7051.5401,7172.8642,7330.4722,7573.1205,7960.9041,8259.1121,8532.3748,9051.6875,9216.0987,9589.1421,9916.8306,10308.0159,10539.3255,10810.3205,10932.7785,11079.0478,11342.1057,11723.0862,12091.5941,12457.8342,12770.7824,12904.5791,13083.7307,13391.0095,13631.3901,13951.1415,14336.6575,14641.6686,14806.0798,14905.8604,15027.1845,15551.0327,15928.6115,16001.1792,16426.3806
0,0,0,0,0,0,0,0,0,0,0,0,0,0,0,0,0,0.4826,0.4826,0.4826,0.4826,0.4826,0.4826,0.7238,1.6889,2.6541,6.2732,7.7209,11.3401,13.029,16.1656,19.5435,26.7819,33.7789,36.433,42.2236,48.2556,55.2527,62.7323,75.0375,100.6129,128.3599,153.4528,193.9875,216.9089,236.6937,253.3419,290.9812,307.6294,358.0565,374.946,414.7569,436.4719,457.7043,493.1722,521.1604,547.701,598.1281,696.8108,770.6419,877.0455,924.8185,947.7399,1046.4226,1158.3756,1267.6745,1380.8339,1462.6271,1612.4608,1764.4659,1956.5232,2230.1324,2436.6663,2588.1889,2877.2399,3039.8613,3117.0702,3418.4264,3816.0526,4145.397,4437.5846,4747.6269,4904.6988,5045.8464,5339.9643,5719.2533,6120.4986,6523.6741,6949.2884,7206.2495,7306.3798,7708.5902,8084.7426,8721.2339,9387.885,9786.2349,9983.6003,10079.1464,10422.0024,10699.9547,11212.9117,11500.7563,11770.7463,11887.5249,12019.7452,12361.6361,12751.3001,13026.357,13297.0709,13517.8402,13633.6536,13699.04,13998.466,14367.38,14654.2595,14882.7498,15176.8676,15299.4368,15376.8871,15700.6821,16108.6832,16230.046,16459.9839,16653.4889,16804.7702,16863.642,17088.0305,17440.5376,17741.17,17984.1369,18323.8563
0,0,0,0,0,0,0,0,0,0,0,0,0,0,0,0,0,0,0,0,0,0,0,0,0,3.3016,3.3016,3.3016,13.2065,13.2065,16.5082,19.8098,26.4131,26.4131,26.4131,26.4131,42.9212,49.5245,61.0802,69.3343,69.3343,69.3343,80.89,85.8424,104.0014,123.8112,130.4145,137.0177,186.5422,188.193,234.4159,270.7338,331.814,366.4812,402.7991,407.7516,462.2285,490.2924,501.8481,569.5315,661.9772,671.8821,701.5968,701.5968,746.1689,856.7735,993.7913,1102.7451,1221.6039,1330.5578,1434.5592,1538.5606,1683.8324,1855.5173,1984.2809,2129.5527,2137.8068,2329.3015,2329.3015,2476.2241,2623.1468,2816.2922,2956.6116,3106.8359,3281.8224,3412.2368,3542.6513,3806.7819,4026.3404,4026.3404,4232.6924,4427.4887,4884.7648,5114.2282,5446.0423,5736.5859,6094.813,6355.6419,6839.331,6839.331,7975.0925,8646.9746,9127.3621,9521.9072,9997.3422,10477.7297,10885.4812,11080.2775,11294.8836,11349.3606,11359.2655,11448.4095,11803.335,12250.7061,12628.743,13267.6088,13404.6266,13516.8821,17069.4383,17833.7661,19598.4885,21313.6864,21589.3727,23674.3534,23869.1497,24169.5982,25014.8161,29026.2992,30247.9031,30984.167,31236.7419
0,0,0,0,0,0,0,0,0,0,0,0,0,0,0,0,0,0,0,0,0,0,0.1162,0.1162,0.2325,0.2325,0.465,0.5812,0.5812,0.8137,1.5111,1.8598,2.0923,2.3248,3.0222,3.9522,4.7659,5.6958,8.718,9.5317,9.9967,14.2976,17.901,19.4121,19.6446,25.2242,27.549,30.1062,36.0345,44.6363,56.609,64.7459,72.8827,74.5101,79.6246,104.8488,119.2626,138.9072,147.2765,183.5435,202.8394,240.6175,257.9373,269.5614,300.5975,348.6048,390.4513,433.2278,455.6622,495.4164,552.8391,642.1117,689.8865,757.7708,815.7747,854.1341,937.9433,1053.0213,1202.3901,1334.3229,1469.0455,1565.06,1650.7291,1797.8894,1996.6604,2200.3135,2386.6468,2638.3071,2804.2983,2884.5042,3181.0333,3473.494,3681.448,4083.7558,4335.2999,4400.7432,4412.5998,4651.2412,5074.1236,5402.0376,5750.7586,6260.705,6260.705,6308.4798,6691.9567,7048.3496,7370.2191,7573.1748,7709.9896,7963.6261,8046.6217,8281.3109,8624.1037,8906.684,9307.5969,9634.1161,9840.2102,9998.9945,10303.0793,10660.1696,10930.7771,11213.9386,11544.1774,11675.529,11764.3366,11996.7011,12304.3893,12561.7454,12834.2128,13080.6423,13229.43
0,0,0,0,0,0,0,0,0,0,0,0,0,0,0,0,0,0,0,0,0,0,0,0,1.1824,1.1824,1.1824,1.1824,1.1824,2.3648,2.3648,3.5472,4.7296,9.4593,9.4593,11.8241,13.0065,14.1889,22.4658,34.2899,37.8371,46.114,60.3029,126.5178,151.3484,196.2799,228.2049,280.2309,288.5078,364.182,404.3839,428.0321,443.4034,472.9636,491.8822,514.3479,551.0026,581.7453,656.237,766.2011,814.6798,970.7578,995.5884,1085.4515,1201.3276,1277.0018,1325.4806,1403.5196,1752.3302,2049.1149,2283.2319,2419.2089,2600.1175,2745.5538,2947.7458,3089.6349,3158.2146,3440.8104,3553.1392,4053.2983,4292.1449,4533.3564,4672.8806,4756.8317,5096.1831,5378.7788,6134.3382,6686.5233,7202.0536,7511.8448,7784.9813,8237.8439,9008.7747,9638.9987,10013.8224,11011.7756,11353.4918,11694.0256,12428.3017,13133.0175,13658.0071,14575.5565,15102.911,15424.5262,15718.9461,16282.9552,17290.3677,17932.4159,18543.7213,19299.2807,19523.9385,19879.8436,21311.741,22014.092,22923.3645,23555.9534,25509.2931,25823.814,29397.0541,31259.3484,31829.2696,32415.7445,32707.7995,32990.3953,33089.7177,33406.6033,33689.199,34203.547,34470.7714,34968.5657,35246.4318
0,0,0,0,0,0,0,0,0,0,0,0,0,0,0,0,0,0,0,0,0,0,0.6358,0.6358,0.6358,1.2716,3.1789,4.4505,4.4505,4.4505,5.0863,5.722,5.722,6.3578,6.9936,7.6294,7.6294,7.6294,8.2652,10.1725,10.8083,12.0799,12.0799,14.623,14.623,14.623,15.8946,16.5303,16.5303,17.1661,18.4377,19.7092,20.345,20.9808,21.6166,22.2524,23.5239,23.5239,27.3386,31.7891,36.8754,42.5974,50.2268,73.7507,87.1021,104.2683,121.4344,156.4024,169.7538,192.642,223.1595,268.9358,314.0763,364.3031,437.4181,474.9292,526.4276,592.5489,654.2197,749.5871,813.1653,813.1653,951.13,1046.4973,1150.1298,1256.3054,1401.8995,1544.9504,1544.9504,1647.3113,1714.0685,1817.0652,1921.9692,2083.4578,2295.8091,2531.0484,2655.0259,2762.4731,2850.211,2986.9042,3103.2523,3499.9803,3588.354,3588.354,3847.7531,3978.0884,4151.0211,4287.7143,4406.6055,4432.6726,4537.5766,4646.9311,4814.7776,4942.5698,5058.2821,5215.3203,5311.3234,5389.5246,5573.2656,5784.3453,5992.246,6155.0062,6336.2041,6502.779,6586.0665,6843.5582,7134.7464,7282.2478,7461.5384,7808.6754,7808.6754
0,0,0,0,0,0,0,0,0,0,0,0,0,0,0,0,0,0,0,0,0,0,0,0,0.1413,0.2827,0.2827,1.1307,1.1307,1.1307,1.4134,1.8374,2.1201,2.9681,4.2402,7.2083,9.8937,11.3071,12.2965,13.4272,18.6568,24.169,32.3667,38.4442,41.4124,48.6207,56.253,62.8959,67.5601,89.0437,98.2307,112.6473,146.9927,170.3137,186.5677,199.2882,226.708,248.3329,275.7527,297.5189,314.1969,340.6273,357.3053,396.3149,450.8719,495.535,537.7954,571.0101,597.4405,640.2663,710.6532,761.6766,835.173,956.1593,1074.0361,1151.066,1205.0575,1287.8822,1385.2649,1517.841,1638.4033,1765.6085,1871.0475,2006.7331,2136.1998,2269.6239,2432.7293,2652.5116,2995.1177,3220.5537,3431.4316,3695.3118,3954.5278,4308.2997,4610.4828,4895.8465,4988.8476,5176.546,5395.4803,5742.4679,6121.8222,6426.6907,6726.7537,6860.1779,6978.0547,7359.3877,7562.7747,7869.7633,8141.8412,8319.0805,8459.1475,8564.0212,8863.5188,9149.5892,9341.2451,9681.7311,9847.5219,9902.0788,9991.1225,10179.3862,10362.1377,10589.8351,10840.4294,11040.7069,11096.8186,11161.4106,11370.8752,11767.3315,12158.6995,12468.0909,12587.2398
0,0,0,0,0,0,0,0,0,0,0,0,0,0,0,0,0,0,0,0,0,0,0,0.9165,1.222,1.222,1.8331,1.8331,2.4441,2.7496,2.7496,3.0551,3.3606,4.2771,5.4992,5.4992,5.8047,5.8047,6.7212,7.3322,7.3322,7.9432,9.4708,11.6093,12.2204,12.5259,13.4424,15.581,17.7195,22.9132,27.8013,31.1619,37.5776,43.9933,48.2704,56.8247,62.9348,66.2954,78.2103,90.7361,101.1234,111.2052,124.6476,138.701,156.7261,183.3053,203.1634,226.6876,239.519,267.3203,289.928,321.0899,345.5306,376.6925,390.4404,406.9379,440.8494,492.4804,545.0279,581.9945,636.9861,688.0061,698.6989,745.4417,805.627,871.3114,939.1344,995.348,1035.6752,1084.5566,1136.4931,1211.6483,1296.2743,1375.7066,1449.6398,1506.4644,1563.9001,1682.132,1780.5059,1852.606,2052.1033,2170.6408,2284.5956,2328.2834,2421.7691,2553.7489,2695.5051,2852.5367,3001.625,3101.8319,3164.1557,3324.2424,3531.3774,3696.3523,3839.3304,4219.9945,4357.779,4422.5469,4664.8155,4957.493,5218.0921,5506.187,5702.3237,5852.9396,6034.7174,6239.1029,6739.221,7120.4961,7447.0851,7809.1131,7967.3668
0,0,0,0,0,0,0,0,0,0,0,0,0,0,0,0,0,0,0,0,0.9855,1.095,2.0806,2.6281,7.4463,9.1983,13.688,17.9587,20.2583,23.1054,25.9525,30.8802,35.2603,39.312,41.8306,43.9111,48.7293,61.8698,72.0537,81.5806,105.4525,114.5413,130.2004,152.6487,158.2334,170.6074,182.6528,191.3037,211.9999,226.8925,250.9834,264.1239,300.8078,335.3016,362.2396,381.8408,406.9172,450.7189,514.8883,560.7705,620.5597,685.4957,742.7663,764.8862,811.5349,860.8117,876.0328,909.8696,917.5349,1208.9253,1256.012,1347.9955,1520.793,1657.2351,1738.8156,1827.8425,1927.1627,2016.1895,2097.6606,2308.018,2525.0551,2605.6501,2656.022,2886.8566,3078.3793,3346.4454,3439.8524,3785.8853,3846.0031,3897.7985,3962.4059,4053.9514,4081.7654,4141.5546,4204.41,5236.7052,5309.7444,5530.3952,5988.0128,6138.3619,6547.7978,6808.527,6961.7233,7037.9381,7251.1426,7558.3016,7878.4916,8179.0804,8298.6589,8369.289,8413.5287,8744.2311,8997.8426,9374.2081,9650.8155,9903.6605,10117.8505,10169.2079,10370.9145,10737.4247,10904.1995,11291.844,11527.4968,11723.9472,11781.8748,11851.0814,12098.3417,12487.6288,12759.3085,12955.5398,13300.8062
0,0,0,0,0,0,0,0,0,0,0,0,0,0,0,0,0.2852,0.2852,0.2852,0.2852,0.2852,0.2852,0.2852,0.2852,1.7109,2.5664,3.707,3.707,3.9922,3.9922,5.418,7.9844,19.3906,19.3906,21.957,23.3828,26.2343,30.2265,50.1874,61.3085,70.1484,70.1484,72.4296,74.7109,74.7109,74.996,82.4101,96.6679,107.2186,113.7772,114.0624,132.0272,147.1405,159.9725,169.6678,173.3748,184.2107,201.8904,215.0076,222.7068,235.2537,237.2498,244.3786,309.6794,335.6286,369.8473,389.523,396.9371,405.2066,437.9995,468.7964,495.8862,519.269,547.2143,547.2143,550.351,579.722,674.9641,723.4406,794.4445,794.4445,856.6085,894.8194,993.1982,1082.452,1157.7332,1212.1979,1311.4322,1311.4322,1361.3345,1560.3734,1605.428,1605.428,1842.9629,2110.7243,2110.7243,2295.7906,2347.6889,2608.8918,2646.8175,2689.8761,2694.4386,2694.4386,3104.778,3144.4147,3298.684,3773.7538,3862.1522,3932.0154,4040.945,4053.2067,4337.7923,4474.0969,4530.8429,4573.6163,5476.7052,5500.6583,5690.8573,5724.5057,6228.9466,6483.876,6788.4226,6915.8873,6929.5747,8493.0848,8655.0534,9114.7248,9399.3104,9549.0173,9669.6383,9768.5874
0,0,0,0,0,0,0,0,0,0,0,0,0,0,0,0,0,0,0,0,0,0,0.2489,0.2489,0.2489,0.2489,0.2489,0.4977,0.7466,1.2444,1.4932,2.4887,3.4842,3.4842,4.2308,4.4797,5.2263,7.2173,7.9639,8.4617,8.7105,8.9594,10.2038,13.688,19.6609,21.1541,25.1361,27.6248,33.8466,37.8286,41.0639,48.5301,51.0188,58.7338,60.9737,65.4534,74.9105,85.8609,96.0647,111.2459,124.1872,135.1376,157.5361,173.7128,202.5819,230.4556,257.3338,290.9316,303.3752,338.715,371.5662,412.3812,460.1646,505.4594,536.5684,582.6098,628.4022,691.118,757.8158,836.4594,930.5331,1011.1676,1081.8473,1191.1022,1319.0225,1452.9157,1552.4646,1712.7383,1868.5323,1946.927,1994.9593,2219.6909,2540.736,2770.445,2989.2037,3200.9939,3275.6555,3408.3044,3697.9916,3986.4345,4374.9239,4623.7961,4924.4337,5054.5938,5214.1209,5587.678,5980.8961,6313.887,6609.0494,6832.5367,6971.6562,7134.6675,7498.0208,7892.2344,8307.8509,8734.9155,9090.305,9155.7584,9272.4794,9707.0103,9934.2306,10161.202,10660.9373,11011.8471,11120.6042,11214.6779,11687.535,11990.6613,12329.3763,12635.2402,13017.5079
0,0,0,0,0,0,0,0,0,0,0,0,0,0,0,0,0.2093,0.2093,0.7324,0.8371,0.8371,1.8834,1.9881,2.9298,3.2437,3.4529,3.8715,4.3947,4.3947,4.8132,5.0225,5.9642,7.1152,7.6383,8.1615,9.1032,9.9403,11.0913,14.2303,18.4157,21.0315,23.3335,36.8314,41.9585,58.0722,71.57,85.3818,100.4492,120.7483,134.3508,155.2777,176.1,209.8969,229.4636,257.2964,281.467,304.2773,345.0848,377.2076,418.4336,471.588,512.5001,560.632,598.9283,648.1065,719.4673,767.3899,852.2486,904.3566,927.3762,975.7174,1033.8942,1132.5646,1212.4007,1304.7931,1389.0239,1440.6087,1497.216,1559.1597,1631.0437,1696.0217,1934.4839,2035.3516,2102.527,2222.6475,2360.5559,2501.9172,2695.3865,2802.7416,2904.551,2968.0642,3019.1258,3130.5617,3213.6415,3374.988,3497.6197,3604.6609,3651.7464,3715.3643,3815.2903,3924.5288,4029.5819,4118.5212,4210.7043,4259.1501,4291.0637,4387.8506,4498.6586,4590.5278,4674.1308,4735.8652,4761.6053,4857.8691,4964.4917,5087.9605,5202.4307,5348.7099,5452.8213,5492.687,5527.9489,5652.5687,5769.1316,5839.0275,5973.4829,6080.0009,6118.611,6158.5814,6247.2069,6395.1602,6525.221,6639.7958
0,0,0,0,0,0,0,0,0,0,0,0,0.2996,0.2996,0.2996,0.2996,0.2996,0.2996,0.2996,0.2996,0.2996,0.2996,0.2996,1.1986,1.7978,2.0975,2.0975,2.3971,2.9964,3.296,3.296,3.5957,4.1949,5.0939,5.0939,5.3935,5.3935,5.3935,6.8917,6.8917,8.3899,9.2888,10.1877,11.0866,11.0866,13.4837,14.3826,14.3826,17.379,21.574,24.87,26.6678,32.9602,39.5523,47.6425,51.2382,62.924,72.8121,97.0828,123.7506,150.1188,167.7975,192.6674,232.819,286.7539,313.122,367.3566,411.1038,431.7788,460.8437,481.2191,510.284,559.4247,609.1647,650.8144,676.5833,702.0526,773.0668,827.3014,890.525,962.4382,1076.6004,1143.4198,1207.842,1294.1378,1329.4952,1473.0219,1588.6823,1686.9637,1861.9524,2002.1832,2114.8472,2271.2584,2413.8862,2582.5826,2763.5641,3082.6789,3247.1803,3463.5192,3717.6125,3924.3629,4176.6584,4440.0404,4706.4189,4896.0899,5151.6814,5446.2259,5753.0555,6002.0549,6258.5453,6651.6708,6880.2948,7081.0525,7451.1058,7680.6287,8062.0683,8299.3818,8586.735,8807.868,9063.4595,9357.7043,9607.9023,9847.3133,10044.1757,10281.1896,10522.3984,10775.5928,11032.3828,11184.8987,11507.3095,11762.3017
0,0,0,0,0,0,0,0,0,0,0,0,0,0,0,0,0,0,0.435,0.435,2.1751,2.1751,2.6102,2.6102,3.0452,4.3503,4.3503,4.3503,6.5254,6.9605,6.9605,6.9605,6.9605,6.9605,7.8305,8.2656,9.5706,10.4407,11.7458,13.9209,13.9209,13.9209,15.6611,16.9661,17.4012,18.2712,19.1413,19.1413,19.5763,20.0113,20.8814,23.0566,25.2317,30.8871,37.4125,40.0227,50.8984,51.3335,58.7289,63.0792,66.9945,76.1301,91.7912,121.8082,146.6049,197.0683,224.9101,261.4526,317.5714,335.8426,390.6563,434.1592,528.1255,625.5721,690.8265,770.4368,783.0527,883.9794,986.6463,1084.963,1247.6639,1363.8167,1454.3028,1551.3143,1725.761,1860.6201,2059.4285,2141.214,2232.1351,2311.7454,2370.0394,2494.8928,2571.8929,2678.0401,2811.159,2960.3741,3044.7697,3146.5666,3286.646,3475.4487,3567.2399,3731.2459,3903.0824,4041.4217,4231.5295,4405.1062,4617.8355,4809.6834,5017.6274,5597.0863,6076.4886,6819.0835,7095.3271,7311.5366,7542.5372,7747.0009,8025.8547,8259.0303,8432.607,8649.6866,8854.1504,9170.8516,9530.6208,10144.4471,10623.8493,10796.1209,11054.5283,11576.9984,11576.9984,12261.7345,12946.9055
0,0,0,0,0,0,0,0,0,0,0.0672,0.1345,0.1345,0.1345,0.1345,0.2017,0.2017,0.4706,0.4706,0.6051,0.6724,0.9413,1.8154,2.0843,2.286,2.7567,3.698,4.2358,5.3116,6.1184,7.2614,8.27,8.5389,10.4888,11.8335,14.5901,16.54,17.9519,19.4983,22.5912,26.9615,29.382,31.0629,34.6264,38.1898,41.4172,43.0308,45.3168,48.6114,52.1749,59.4363,65.0169,71.5387,80.6828,83.9773,92.5835,101.1224,110.6026,124.0498,133.0593,142.2706,151.1457,158.4072,172.3922,179.9226,192.7646,211.1199,222.8862,239.7623,251.0579,271.632,289.1805,304.443,324.0086,347.9444,373.7629,390.5046,417.1972,440.3262,467.6911,546.6258,559.1316,567.7378,597.187,740.5334,752.9047,802.928,844.3452,874.1306,934.5754,955.0823,979.4216,1013.2411,1073.2825,1137.4253,1185.0954,1236.5979,1270.6192,1440.8598,1509.5074,1577.5499,1776.2984,1841.9876,1899.4069,1930.6714,2049.4096,2197.5969,2278.6831,2330.7235,2406.2291,2447.5118,2529.4721,2636.1078,2751.7531,2795.5235,2953.1911,3046.1107,3111.6655,3165.9247,3300.2615,3491.6813,3650.3575,3793.5694,4386.7222,4605.3053,4670.6583,4928.8432,5142.518,5335.0809,5534.4346,5747.6388
0,0,0,0,0,0,0,0,0,0,0,0,0.0472,0.0472,0.0472,0.0472,0.0945,0.0945,0.189,0.189,0.2834,0.6614,0.8975,1.3699,1.7951,2.5982,3.9209,6.0466,6.1411,6.2828,7.2276,8.9282,9.6841,10.9123,12.3295,12.9908,14.8332,17.4786,18.754,20.3129,23.5252,24.8007,26.4068,29.005,30.9418,32.9731,35.4295,38.0749,38.5001,41.7596,42.6571,45.2553,48.2314,50.8768,54.5142,56.1676,58.1044,60.6081,61.7891,67.0326,69.9615,73.1265,74.9216,77.8977,83.0468,86.3063,91.4081,95.5652,100.053,110.8708,115.8309,123.0585,130.853,139.0254,147.5285,152.9138,156.8347,162.2672,176.3445,186.5954,198.2163,211.3489,217.8207,221.7888,235.1103,249.7072,264.3514,283.1999,299.403,314.992,328.8804,355.051,378.4345,410.321,436.1137,454.915,494.3126,504.0439,516.7513,567.3446,615.7177,661.1148,705.7087,741.7996,750.3027,760.6481,826.7359,871.4716,949.7944,973.792,1010.0246,1026.4167,1040.3995,1102.8972,1176.5433,1230.6796,1289.8705,1305.743,1366.0676,1412.3149,1480.6231,1547.9864,1837.1857,1935.2074,2019.0572,2072.107,2125.8181,2247.8374,2395.3659,2520.2667,2643.4197
0,0,0,0,0,0,0,0,0,0,0.2488,0.2488,0.2488,0.2488,0.2488,0.2488,0.2488,0.2488,0.2488,0.2488,0.2488,0.2488,2.2396,3.2349,3.9814,6.4698,6.4698,8.2117,9.9536,9.9536,11.9443,13.4373,15.1792,17.9165,21.1514,24.1375,29.8608,34.5887,38.0725,41.3074,48.2749,52.0075,56.4866,67.9333,74.6519,86.8451,95.3056,107.0011,115.2128,138.6038,182.6484,232.6652,236.8955,273.4749,297.3635,301.5938,326.7266,336.1825,361.5642,414.3182,425.7649,452.6396,483.7445,538.4893,631.5554,668.8813,724.8703,772.3987,798.278,833.8621,880.8928,924.191,992.3731,1055.5784,1097.8811,1144.4142,1199.1589,1265.848,1343.9837,1446.5057,1542.309,1641.0984,1678.1755,1780.9463,1914.3245,2113.894,2209.1996,2368.9547,2467.993,2490.1397,2579.2244,2709.6164,2857.6761,3036.5919,3210.7797,3343.6602,3406.6166,3554.6763,3770.1716,4011.5462,4203.8993,4506.2397,4715.5139,4881.9877,5140.7811,5465.517,5820.6114,6078.6583,6345.9122,6472.5716,6586.5403,6880.9177,7223.8189,7591.3553,7906.1376,8269.4437,8519.7765,8676.0479,8994.8117,9164.0227,9576.1014,10054.6203,10364.6747,10364.6747,10870.0683,11221.9278,11668.844,12148.6071,12502.2085,12862.2796,13144.7128
0,0,0,0,0,0,0,0,0,0.0579,0.1158,0.1158,0.1738,0.1738,0.4634,0.753,0.9267,0.9267,1.2743,1.3901,1.7955,1.9114,3.649,3.8228,6.3134,6.8926,10.7733,13.4956,17.6659,21.4307,24.3847,28.555,32.3198,34.7525,38.054,41.008,48.1901,57.4575,62.207,72.1694,80.7417,84.6223,97.7704,112.2506,128.3526,142.7169,150.9996,165.364,187.1422,197.5101,216.7977,228.4398,251.8977,263.1344,275.9928,283.7542,307.328,321.5765,357.4874,363.8587,395.4835,411.8751,460.1232,492.5588,513.6999,547.5257,588.8233,610.8332,645.1802,678.8902,717.6971,770.0576,819.9274,911.7319,980.5419,988.2454,1039.0419,1070.7246,1084.7415,1127.545,1157.6638,1251.1481,1288.0436,1544.4592,1610.489,1759.1718,1858.6218,1945.5031,2000.1804,2195.8949,2276.1732,2318.2237,2455.7278,2599.8348,2777.478,3036.2104,3092.2778,3158.4234,3285.9651,3431.2306,3529.2326,3652.8357,3737.8056,3924.4844,4025.4405,4227.005,4307.7466,4388.9516,4505.3146,4566.2473,4608.8771,4688.4603,4827.2966,5036.97,5057.474,5408.5322,5533.5833,5568.1041,5651.4522,5842.4172,5994.4015,6133.6432,6284.2374,6301.9611,6446.4736,6480.3573,6522.5237,6676.9986,6766.4863,6890.0314,6975.986
0.0218,0.0218,0.0218,0.0436,0.0436,0.0436,0.0436,0.0436,0.0653,0.1307,0.2178,0.2831,0.3484,0.3484,0.4138,0.6533,1.0018,1.2195,1.4155,2.9617,3.3102,3.5715,5.2484,6.2284,8.6239,9.9959,13.7416,16.2242,17.6397,18.7722,22.9317,26.6338,30.6191,31.5991,33.0364,50.9375,64.9186,76.3518,88.1551,97.2581,100.6118,105.9691,123.7395,146.0832,162.8954,178.9236,183.3444,190.6616,193.7105,204.0765,240.4884,251.9216,279.6443,302.576,310.6989,317.5153,335.0461,346.5664,364.5546,388.2049,435.6362,451.12,472.4837,523.5518,569.6547,624.9694,661.4684,678.8904,691.9133,700.9509,741.5877,824.342,869.5302,910.9509,967.1585,989.6546,1004.6158,1039.1984,1112.7626,1182.2109,1271.3242,1332.41,1357.7154,1373.4169,1437.2031,1521.3512,1605.8477,1674.0547,1754.3482,1789.2574,1821.1396,1873.2313,1948.712,2087.6957,2211.6312,2333.28,2388.9432,2423.7436,2576.164,2689.1454,2813.6471,2930.4832,3060.7995,3115.7657,3148.8675,3269.6235,3404.1646,3539.2719,3656.4346,3764.7774,3880.7859,3951.7369,4143.9229,4170.7528,4194.9475,4609.3725,4699.4222,4773.2914,4834.0069,4997.3814,5200.9352,5413.5921,5629.6462,5783.6781,5917.7402,5991.9577,6127.7401,6314.0463,6580.6894,6766.2987,6806.1079
0,0,0,0,0,0,0,0,0,0,0,0,0,0,0,0,0.5248,0.5248,0.5248,0.5248,0.5248,1.0495,1.3119,2.099,3.236,3.8482,4.7228,5.2475,6.1221,8.4835,9.2706,10.9323,11.9819,13.2937,13.9934,16.1799,20.0281,22.5644,26.8498,35.071,38.9192,40.7558,44.6914,48.1023,54.3119,57.2855,60.1716,65.5941,67.1683,70.2294,71.3664,73.9027,77.5759,83.9604,87.6337,89.3829,90.8697,94.1931,95.8548,99.0908,101.0149,102.4142,105.038,112.472,119.2938,124.4539,128.0397,132.0628,134.0743,138.2723,140.6337,144.0446,146.7558,151.6535,158.2129,162.5859,163.8103,168.7955,176.9291,182.8763,189.5232,198.7064,202.5545,209.0265,220.3087,232.2905,249.6948,261.0645,275.2328,285.1156,295.9605,311.9655,329.5447,353.421,376.0728,396.888,415.6042,428.5481,457.8467,486.8831,515.5695,562.7098,585.3617,611.0745,622.794,648.0696,693.898,749.4343,771.2116,818.002,848.875,860.507,934.9344,981.7249,1054.6655,1131.017,1208.7679,1268.2399,1322.7267,1386.4841,1483.5634,1558.6905,1633.0305,1733.3457,1814.0701,1865.1461,2000.7947,2118.6891,2300.5159,2463.3642,2673.6151
0,0,0,0,0,0,0,0,0,0,0,0,0,0,0,0,0.2791,0.4187,0.6979,0.8374,0.977,0.977,1.954,2.931,5.5829,7.9556,9.4909,12.0031,15.2133,17.0277,20.7961,22.7501,25.6812,27.4956,30.5662,32.7993,34.4742,39.2196,42.011,49.6874,52.8976,58.2013,63.7842,69.9253,96.723,100.0727,102.1663,108.3075,115.286,119.0545,123.3812,129.2432,134.2678,136.0822,143.0608,148.3645,152.2725,155.6222,163.2986,168.7419,172.3708,186.6071,206.0075,278.4451,291.0065,334.1341,293.6584,327.4347,351.5805,366.096,390.1023,407.13,430.1593,447.3266,470.635,478.5906,492.5477,521.0203,534.2796,604.6236,636.7251,652.9153,666.5933,722.2824,755.5004,767.5035,782.996,901.3526,922.1487,934.5706,959.5539,979.2334,1028.9209,1116.5718,1190.5446,1225.4375,1261.3074,1325.6498,1348.2604,1400.4601,1470.1063,1513.7922,1575.064,1614.1441,1638.8482,1701.6554,1757.7631,1807.8693,1837.4584,1855.7423,1864.6749,1948.4177,2010.1083,2095.6656,2173.5465,2279.4813,2387.7887,2453.9456,2503.4935,2685.9134,2919.9747,3063.7334,3202.7465,3322.9176,3400.5193,3497.1028,3678.2665,3807.3702,3988.2548,4223.5723,4456.6566
0,0,0,0,0,0,0,0,0,0,0,0,0,0,0.0879,0.1758,0.3516,0.3516,0.5274,0.5274,0.7032,0.8789,1.67,2.7247,3.7795,6.0647,6.7679,8.4379,9.8442,14.239,16.7,17.3153,17.579,20.2158,22.3253,26.8079,27.7748,33.9274,36.0369,36.74,41.1348,44.0353,48.7816,51.0669,55.9011,56.2527,57.3953,58.3621,60.2079,63.2842,66.9758,69.6127,73.0406,75.0621,76.3806,79.4569,80.6874,85.2579,91.3227,96.3327,102.4853,106.1769,110.3959,118.658,124.8106,134.3911,142.3017,146.4327,148.5422,155.398,177.4596,184.5791,191.7864,219.1217,223.4285,226.417,246.8086,256.3891,263.4207,272.5617,324.7712,328.1991,328.287,329.6055,333.8244,437.1008,481.0482,520.1614,556.9014,568.6793,576.5019,596.3661,619.4825,723.7257,777.2536,812.3236,820.2342,834.6489,871.8284,913.93,967.7216,1018.0853,1057.9896,1066.6032,1076.7111,1125.2291,1197.0391,1245.2933,1264.2786,1285.6371,1288.6255,1356.9197,1447.715,1505.4619,1566.4609,1633.7004,1682.1304,1700.5883,1732.4063,1833.8368,1934.4764,2026.8538,2119.4949,2197.3697,2218.7281,2255.2923,2367.9735,2476.084,2566.0883,2669.4526,2779.1453
0,0,0,0,0,0,0,0,0,0,0,0,0,0,0,0,0,0,0.7197,0.7197,1.4394,2.1591,2.5189,3.2386,4.3181,5.7575,7.5567,7.5567,8.6362,8.6362,8.9961,10.0756,11.1551,12.9544,15.8331,17.2725,18.352,19.0717,21.5906,22.3103,23.3898,23.7497,28.7875,30.5867,32.0261,34.9048,35.9843,36.3442,40.6623,41.382,43.5411,47.1395,51.4576,57.9348,60.4537,61.5332,62.2529,62.9726,66.9309,76.6467,78.086,84.2034,85.6427,86.3624,89.601,91.7601,93.9191,95.7184,97.8774,98.5971,101.8357,103.6349,111.9113,117.309,124.5058,130.2633,138.5397,145.7366,154.7327,162.6493,172.365,182.8005,205.1108,220.5841,231.0195,249.3715,268.4432,289.674,308.7457,368.1199,395.8278,426.7744,454.1225,487.9478,510.2581,535.8069,564.2346,592.3024,648.438,692.6987,718.6074,767.1863,810.7274,836.2763,883.4157,934.5135,1026.6335,1079.8903,1164.0937,1235.3427,1277.8042,1362.0076,1498.3883,1537.971,1679.0297,1795.619,1884.5003,1939.9162,2081.3347,2231.3894,2347.259,2487.598,2629.3763,2708.5419,2762.1586,2866.1533,3122.0021,3260.9016,3378.2106,3566.0489,3566.0489
0,0,0,0,0,0,0,0,0,0,0,0,0,0,0,0,0,0,0,0,0,0,0,0,0.287,0.574,0.574,1.7219,2.0089,2.5829,3.1569,3.1569,3.7308,4.5918,5.1658,7.1747,8.0357,11.7665,12.6275,17.2193,17.2193,21.8111,22.3851,25.8289,30.9947,32.1427,34.7256,35.2995,38.4564,39.6043,43.3352,44.7701,46.4921,49.075,49.9359,51.9448,51.9448,58.8325,63.4244,69.1641,70.886,71.747,73.7559,75.4778,83.8005,86.6704,91.8362,95.567,96.715,98.7239,105.0376,110.4904,120.248,133.1624,144.068,148.9468,156.4085,173.3408,193.1429,210.6492,227.2945,245.9487,258.5762,270.0557,288.423,312.8169,340.6548,364.7618,391.1647,420.1505,457.4589,500.5071,547.8601,598.37,649.1669,692.5021,713.1652,756.5004,808.4453,869.2867,972.3154,1031.148,1087.1106,1157.4227,1217.6902,1292.594,1366.637,1461.343,1546.8654,1647.0242,1752.9228,1833.8535,1973.6166,2112.5188,2343.5442,2503.9705,2658.083,2805.5949,2947.367,3161.747,3320.7384,3616.336,3847.3614,4054.5668,4214.9931,4398.9524,4679.0527,4993.8785,5267.9521,5607.7459,5835.3274
0,0,0,0,0,0,0,0,0,0,0,0,0,0,0,0,0.4275,0.4275,0.5699,0.5699,1.2824,1.4248,1.7098,2.1373,2.5647,2.8497,2.9922,3.2771,4.132,4.9869,5.5569,6.9817,7.9791,8.264,8.6915,9.2614,10.4013,10.4013,12.5386,14.6758,16.3856,16.9555,18.9503,22.6549,25.5046,27.2144,29.7791,32.6287,33.1987,40.4653,43.315,45.3098,47.732,53.8588,55.996,57.4209,59.9856,62.4078,64.545,69.247,72.0967,81.6431,87.7699,94.1816,100.4509,111.2797,115.1267,117.5489,121.111,122.6783,131.3698,145.9032,146.3306,150.0352,152.3149,155.7345,156.7319,158.8692,174.5423,208.026,228.6861,235.3828,241.0822,253.7632,267.8691,291.9488,307.0521,333.9814,346.9474,354.4991,358.3461,385.5605,414.0572,441.8415,501.6846,514.2231,530.8937,572.3564,639.1812,669.8152,726.9511,798.6203,822.1301,834.5262,897.9313,988.2659,1051.5286,1107.6671,1129.3246,1131.4619,1134.1691,1487.6708,1686.4353,1820.3698,1947.0377,2071.7108,2201.3709,2266.0584,2434.3315,2566.6987,2747.0829,2903.3873,3054.9898,3115.4028,3158.1479,3331.1229,3549.2653,3725.2324,3749.8821,3918.5826,4064.4858
0,0,0,0,0,0,0,0,0,0,0,0.3316,0.3316,0.3316,0.3316,0.6633,0.6633,0.6633,2.6532,4.643,6.3013,7.2962,11.2759,13.9291,28.8532,35.8177,38.8025,45.7671,53.3949,64.6709,66.6607,79.9266,86.2278,98.8304,103.4734,110.4379,122.7088,132.6582,138.9595,151.2303,155.2101,160.8481,166.8177,168.8075,174.7772,184.3949,196.3341,204.9569,212.5848,215.9012,228.1721,241.1063,250.724,263.9898,285.2151,290.1898,302.7923,318.048,321.0328,335.6252,338.2784,373.1012,394.3265,407.9239,435.4505,471.9315,512.7239,532.291,570.4302,594.6403,609.2327,678.5466,748.8555,809.8783,854.3188,889.4732,928.2757,987.9719,1058.6124,1132.901,1255.9414,1373.0123,1448.6275,1531.8705,1609.4755,1748.1033,1837.9792,1972.6273,2073.1159,2201.4627,2298.3032,2391.1639,2573.9006,2752.6575,2892.6119,3142.0093,3243.4928,3485.594,3733.0015,3986.3787,4285.8545,4712.019,5256.5808,5512.9428,5620.7276,5999.4667,6444.8666,6801.0538,7095.8867,7282.6031,7585.0637,7854.6915,8417.1623,9000.8583,9458.8607,10248.5086,10691.587,11019.5843,11325.0298,11729.6373,12355.1207,12891.3914,13705.5811,14183.1506,14892.5402,15610.8843,16322.9272,16806.4663,17338.7573,17907.5293,18492.5519
