0,0,0,0,0,0,0,0,0,0,0,0,0,0,0,0,0,0,0,0,0,0,0,0,0,0,0,0,0,0,0,0,0,0,0.5627,0.5627,0.5627,0.5627,0.5627,0.5627,0.5627,0.5627,0.5627,0.5627,1.1253,1.1253,1.1253,1.1253,1.1253,1.1253,1.1253,1.688,1.688,2.2507,2.2507,2.2507,2.8134,2.8134,2.8134,3.376,3.9387,5.6267,5.6267,6.1894,8.4401,9.0028,10.1281,12.9415,13.5042,14.0669,16.3176,18.5683,20.819,21.9443,23.0697,24.195,26.4457,28.1337,28.1337,31.5098,34.8858,38.8246,41.6379,46.702,49.5154,50.6407,56.8302,59.6435,64.7076,68.0837,68.0837,74.8358,77.0865,79.8998,81.5879,84.9639,87.7773,89.4653,96.7801,101.2815,109.1589,119.8498,128.2899,132.2286,137.8554,143.4821,150.2342,165.4264,166.5518,173.8666,182.3067,186.8081,194.6855,203.1257,210.4404,220.0059,230.1341,234.6355,243.0756,249.8277,256.0171,262.7692,267.8333,270.6467,273.46,281.3375,291.4656,294.279,298.2177,299.9058,308.3459
0,0,0,0,0,0,0,0,0,0,0,0,0,0,0,0,0,0,0,0,0,0,0,0,0,0,0,0,0,0,0,0,0,0,0,0,0,0,0,0,0,1.1339,2.2677,2.2677,2.2677,2.2677,2.2677,2.2677,3.4016,3.4016,4.5355,5.6694,5.6694,6.8032,6.8032,9.071,9.071,9.071,11.3387,12.4726,12.4726,12.4726,15.8742,18.1419,20.4097,21.5435,21.5435,24.9451,28.3468,31.7484,32.8822,39.6855,40.8193,43.0871,45.3548,46.4887,51.0242,57.8274,58.9613,62.3629,64.6306,66.8984,70.3,75.9693,82.7725,86.1742,88.4419,90.7096,98.6467,104.3161,109.9854,119.0564,128.1274,138.3322,153.0725,161.0096,167.8128,182.5531,187.0886,193.8918,205.2305,215.4354,227.908,234.7112,239.2467,252.8531,268.7273,277.7983,288.0031,290.2708,293.6724,300.4757,307.2789,318.6176,325.4208,331.0902,336.7595,340.1611,345.8305,363.9724,369.6418,379.8466,388.9176,397.9885,400.2563,409.3272,413.8627,419.5321,428.603,438.8078,443.3433
0,0,0,0,0,0,0,0,0,0,0,0,0,0,0,0,0,0,0,0,0,0,0,0,0,0,0,0,0.2413,0.2413,0.2413,0.2413,0.2413,0.2413,0.4826,0.7238,0.7238,0.7238,1.6889,2.8953,3.6192,4.5843,5.5494,7.2383,9.6511,12.0639,12.7877,14.9592,17.1307,21.715,25.5755,29.9185,34.9853,38.8458,43.9126,44.6364,46.5667,49.9445,56.459,61.5259,69.2468,73.3485,77.209,84.6886,91.6856,102.5431,114.8483,120.8803,132.2203,141.1476,156.5894,181.1998,194.4701,210.877,232.1094,242.2431,249.7227,264.9232,279.8825,297.9783,321.141,331.7572,340.9258,345.7513,359.7455,376.6349,390.8703,402.693,420.7888,424.1667,429.7161,446.8468,456.2567,473.87,485.21,493.896,495.1024,499.6867,507.1663,515.8523,526.7098,530.5703,538.5325,542.8755,547.9423,558.5585,570.1399,579.0672,586.0642,594.7502,601.2647,606.0903,615.2589,622.2559,628.5291,633.1134,639.3867,641.0756,644.4535,648.0727,653.8633,658.9302,660.8604,668.8226,671.7179,673.6481,681.1277,685.9533,690.5376,696.5695,704.0492
0,0,0,0,0,0,0,0,0,0,0,0,0,0,0,0,0,0,0,0,0,0,0,0,0,0,0,0,0,0,0,0,0,0,0,0,0,0,1.6508,1.6508,1.6508,1.6508,1.6508,1.6508,3.3016,4.9524,4.9524,4.9524,4.9524,4.9524,4.9524,4.9524,4.9524,4.9524,4.9524,4.9524,4.9524,4.9524,4.9524,4.9524,6.6033,6.6033,6.6033,9.9049,9.9049,11.5557,13.2065,14.8573,18.159,18.159,18.159,21.4606,23.1114,26.4131,29.7147,34.6671,39.6196,46.2229,47.8737,61.0802,66.0326,80.89,84.1916,99.049,105.6522,105.6522,118.8588,137.0177,133.7161,138.6686,141.9702,168.3832,168.3832,178.2881,181.5898,191.4947,191.4947,198.0979,204.7012,204.7012,229.4634,229.4634,234.4159,239.3683,277.3371,300.4485,310.3534,316.9567,325.2108,330.1632,335.1157,356.5763,369.7828,369.7828,394.545,404.4499,414.3548,414.3548,414.3548,427.5614,447.3712,450.6728,463.8793,463.8793,463.8793,467.181,518.3562,584.3889,590.9922,600.8971,607.5003
0,0,0,0,0,0,0,0,0,0,0,0,0,0,0,0,0,0,0,0,0,0,0,0,0,0,0,0,0,0,0,0,0,0,0,0,0.1162,0.1162,0.1162,0.1162,0.1162,0.5812,0.5812,0.6974,0.8137,1.0462,1.2786,1.6274,1.7436,2.441,2.441,3.0222,3.7197,3.8359,3.9522,4.0684,4.4171,4.9983,6.1607,9.9967,11.0428,13.2514,14.1813,15.3437,18.1335,26.0378,30.5712,35.5695,36.8482,39.9867,43.5901,47.6585,56.7253,66.722,70.9066,78.1135,94.3872,106.2437,118.7976,127.2832,136.5824,142.1619,148.7876,161.8066,180.6375,206.6753,220.043,232.8294,249.9167,266.1904,282.5803,293.1582,302.8061,323.7294,337.097,339.4218,339.7705,350.9296,365.4596,377.1999,405.9113,426.0209,426.0209,427.532,445.7817,453.1049,462.6366,475.423,480.3051,487.1633,488.3257,498.7873,505.6455,510.8763,519.4781,525.2901,532.7295,535.2868,543.0749,549.3519,551.9092,558.3024,561.9058,563.1845,566.0905,571.9025,576.5521,581.6667,587.0137,589.2223,592.3608
0,0,0,0,0,0,0,0,0,0,0,0,0,0,0,0,0,0,0,0,0,0,0,0,0,0,0,0,0,0,0,0,0,0,0,0,0,0,0,1.1824,2.3648,2.3648,2.3648,2.3648,2.3648,2.3648,5.912,5.912,7.0945,8.2769,8.2769,11.8241,11.8241,11.8241,13.0065,15.3713,15.3713,16.5537,18.9185,21.2834,23.6482,27.1954,30.7426,33.1075,36.6547,40.2019,43.7491,47.2964,50.8436,57.938,65.0325,66.2149,72.127,78.039,81.5862,85.1335,86.3159,101.6872,111.1465,119.4233,121.7881,127.7002,140.7067,150.166,160.8076,167.9021,178.5438,185.6382,191.5503,192.7327,198.6447,204.5568,216.3809,234.117,244.7587,254.2179,262.4948,269.5893,280.2309,292.055,300.3319,307.4264,318.068,321.6153,328.7097,336.9866,341.7162,358.2699,368.9116,377.1885,383.1005,389.0126,398.4719,399.6543,404.3839,411.4784,417.3904,424.4849,439.8562,449.3154,457.5923,465.8692,474.146,480.0581,481.2405,488.3349,493.0646,496.6118,504.8887,517.8952,521.4424
0,0,0,0,0,0,0,0,0,0,0,0,0,0,0,0,0,0,0,0,0,0,0,0,0,0,0,0,0,0,0,0,0,0,0,0,0,0,0,0,0,0,0,0,0,0,0,0,0,0,0.6358,0.6358,0.6358,0.6358,0.6358,1.2716,1.2716,1.2716,1.2716,1.2716,1.2716,1.2716,1.2716,1.2716,1.9073,1.9073,2.5431,2.5431,3.8147,4.4505,5.722,5.722,5.722,5.722,6.9936,7.6294,8.9009,13.3514,14.623,15.2588,17.1661,17.1661,20.345,24.1597,26.7028,29.8818,31.1533,32.4249,32.4249,33.0607,36.8754,40.6901,41.3258,43.2332,44.5047,45.1405,46.4121,48.3194,50.2268,52.1341,55.313,61.0351,62.9424,62.9424,72.4792,76.2938,78.837,81.3801,82.6517,83.9232,86.4664,89.0095,94.7315,96.6389,101.0893,106.1756,111.2619,113.1692,113.805,115.0766,116.3481,118.2555,121.4344,122.0702,123.9775,127.1564,129.6995,132.8785,134.15,136.6931,136.6931
0,0,0,0,0,0,0,0,0,0,0,0,0,0,0,0,0,0,0,0,0,0,0,0,0,0,0,0,0,0,0,0,0,0.1413,0.1413,0.1413,0.1413,0.1413,0.1413,0.2827,0.2827,0.5654,1.5547,1.6961,2.2614,2.9681,3.3921,3.8162,4.5229,4.8055,5.2295,5.6536,6.2189,6.7843,7.6323,8.4803,9.3284,10.7418,12.4378,14.1339,15.83,17.6674,20.4942,23.4623,26.0064,28.8332,31.66,33.4974,35.1934,38.3029,41.1297,43.1084,46.6419,50.1754,53.5675,56.3943,59.7865,62.7546,66.4294,70.1042,74.0617,77.5952,81.4113,85.3688,89.609,93.7079,97.948,102.0469,106.5697,110.8099,115.4741,120.5623,125.3678,128.76,131.7281,134.9789,137.947,140.9151,145.2966,150.1022,154.7664,159.9959,165.3668,170.7377,176.2499,181.6208,186.8503,192.2212,197.7335,202.963,207.3445,211.8674,217.2383,221.9025,227.132,232.5029,238.0151,243.2447,248.7569,253.9864,259.4987,264.4455,269.3924,274.6219,280.1342,284.3744,289.4626,294.1268,299.4976,304.3032,308.826
0,0,0,0,0,0,0,0,0,0,0,0,0,0,0,0,0,0,0,0,0,0,0,0,0,0,0,0,0,0,0,0.3055,0.3055,0.3055,1.222,1.222,1.222,1.222,1.222,1.222,1.222,1.222,1.5275,1.8331,2.1386,2.1386,2.1386,2.1386,2.4441,2.4441,2.4441,2.4441,2.7496,3.0551,3.6661,4.2771,4.5826,4.5826,4.8881,5.1937,5.4992,6.1102,6.4157,7.3322,7.3322,7.3322,7.9432,8.5542,8.5542,8.8598,9.1653,10.6928,11.3038,11.6093,12.8314,13.7479,14.9699,17.414,18.3305,18.3305,19.8581,21.9966,24.4407,25.9683,26.5793,27.8013,28.4123,30.2454,32.6895,33.606,36.3556,40.9382,42.1602,44.6043,47.9649,49.1869,51.3255,54.9916,58.6577,61.7128,66.2954,68.434,73.0166,77.5993,80.9599,86.459,91.3472,96.8463,102.3455,109.9832,114.2603,120.065,121.5925,128.6192,132.8964,140.2286,148.1718,153.3655,157.9481,163.1418,166.8079,175.3621,180.8613,187.888,196.4422,202.5524,209.5791,212.9397,221.7995,232.7978,239.519
0,0,0,0,0,0,0,0,0,0,0,0,0,0,0,0,0,0,0,0,0,0,0,0,0,0,0,0,0,0,0.3285,0.3285,0.438,0.5475,0.5475,0.7665,0.9855,2.2996,2.4091,2.5186,3.8326,3.9421,4.3802,6.2417,6.2417,7.3368,8.1033,8.3223,11.0599,12.155,13.5785,14.7831,16.9731,19.7107,20.6963,22.5578,24.2004,26.1715,29.6756,32.0847,35.6983,41.1735,43.4731,45.6632,49.2768,53.876,59.0227,69.8636,74.1343,77.9669,87.0558,92.969,98.8822,109.1756,116.2934,121.9876,130.2004,140.1653,152.1012,154.7293,171.4834,176.7396,179.6962,191.4132,203.2396,208.0578,236.6384,246.4937,252.7355,254.4875,272.9937,285.0392,292.4855,299.2747,313.0722,323.6941,329.6073,349.0991,383.7024,394.7623,417.5391,427.8325,434.1838,436.0453,459.0412,477.3284,494.849,515.5453,526.9337,528.7953,534.9275,552.0102,568.5453,581.1383,590.5556,601.944,604.4626,604.7912,615.194,627.2395,636.7664,645.5267,652.8635,655.6011,656.4771,665.3469,673.0122,679.2539,690.6424,697.8696,705.3159
0,0,0,0,0,0,0,0,0,0,0,0,0,0,0,0,0,0,0,0,0,0,0,0,0,0,0,0,0,0,0,0,0.2852,0.2852,0.2852,0.2852,0.5703,0.5703,1.1406,1.7109,1.9961,1.9961,2.2812,3.1367,3.1367,3.1367,3.707,4.8477,5.1328,5.418,5.7031,6.5586,6.8437,7.4141,7.6992,7.9844,8.2695,9.6953,10.8359,11.4062,12.5469,12.832,13.6875,15.3984,15.9687,15.9687,16.8242,17.3945,17.6797,19.3906,20.5312,21.6719,23.0976,24.8086,24.8086,25.0937,26.5195,29.9414,33.3632,34.789,34.789,38.7812,39.6367,45.625,48.4765,50.7578,51.6132,52.4687,52.4687,60.4531,62.7343,69.0077,69.0077,76.4218,86.9726,86.9726,92.1054,97.2382,104.6522,107.7889,110.3554,116.9139,116.9139,122.9022,130.8866,138.8709,141.4374,146.8553,151.9881,152.2733,157.6912,166.8162,178.5076,186.7771,197.6131,198.7537,198.7537,208.1638,213.867,232.1169,246.6599,255.4997,259.2068,267.1911,284.8708,296.277,305.6872,315.9528,335.6286,342.1871,342.1871
0,0,0,0,0,0,0,0,0,0,0,0,0,0,0,0,0,0,0,0,0,0,0,0,0,0,0,0,0,0,0,0,0,0,0,0.2489,0.2489,0.2489,0.2489,0.7466,0.9955,0.9955,0.9955,1.7421,2.7376,2.7376,3.2353,3.2353,3.982,5.2263,5.9729,6.4707,6.9684,7.2173,7.9639,8.2128,9.706,9.9549,10.9504,11.4481,12.1947,12.4436,13.1902,14.1857,15.4301,16.6744,18.4165,18.9143,19.6609,21.1541,22.8962,25.1361,27.6248,28.3714,30.8601,33.5977,34.5932,38.3263,39.0729,39.8195,42.3083,45.5436,48.2812,51.5165,54.503,57.2406,60.9737,61.7203,64.209,67.6932,69.4353,71.1774,74.1639,79.1414,81.3812,86.3586,89.594,92.0827,94.3226,103.0331,109.006,112.2414,116.2233,120.4541,126.1782,132.8977,139.1195,141.8571,151.812,155.0474,157.5361,163.2601,166.9932,173.215,176.4504,180.1835,184.912,190.6361,195.1158,200.8398,206.0662,209.5504,215.0256,222.9895,226.7226,231.7,243.1481,249.3699,259.8225,264.3022,269.2797
0,0,0,0,0,0,0,0,0,0,0,0,0,0,0,0,0,0,0,0,0,0,0,0,0,0,0,0,0,0.1046,0.3139,0.4185,0.5232,0.5232,0.6278,0.6278,0.8371,0.9417,1.0463,1.4649,2.1973,3.139,3.5576,4.8132,5.8595,6.8012,7.5337,8.8939,10.6727,12.033,14.9627,16.7415,19.462,21.4501,22.6011,24.4845,27.205,29.5069,32.646,36.8314,39.8658,43.4233,47.0856,53.1544,56.2934,59.1185,63.0946,65.7105,68.2217,72.3025,78.3713,84.0216,88.4162,96.9962,101.7048,109.5524,113.7378,121.0622,128.0727,135.8157,144.5003,152.8711,158.626,171.6007,182.1688,191.8998,201.4215,215.2333,224.3365,230.1961,235.2185,243.5893,258.2381,268.4923,279.2697,286.6987,293.7092,300.8244,306.8932,315.1593,327.9247,335.3538,342.155,345.8172,350.5258,361.3032,369.4647,380.1374,386.5201,395.9372,403.3663,406.6099,414.2483,419.48,424.5024,429.211,434.0242,443.0228,444.9062,454.0094,463.008,469.5999,482.3654,492.6195,497.1188,500.3625,505.2803,512.0816,519.8245,530.288,535.3105
0,0,0,0,0,0,0,0,0,0,0,0,0,0,0,0,0,0,0,0,0,0,0,0,0,0,0,0,0,0,0,0,0,0,0,0.2996,0.2996,0.2996,0.5993,0.5993,0.5993,0.5993,0.5993,0.8989,0.8989,0.8989,0.8989,0.8989,1.1986,1.1986,1.4982,1.4982,2.0975,2.9964,4.4946,5.3935,5.6931,5.9928,6.592,8.0902,8.6895,9.5884,10.1877,10.787,12.2852,14.083,15.8808,17.379,19.1769,21.574,23.9711,26.6678,29.3646,32.3609,34.1588,37.7544,41.3501,44.9457,49.1407,53.036,56.0324,59.628,62.924,66.2201,70.415,75.2092,78.5052,83.8987,90.1911,94.6857,100.9781,106.072,110.2669,115.3607,121.6532,127.0466,132.7398,138.1333,144.4257,151.617,159.1079,166.8985,174.3895,180.0826,186.375,191.7685,197.7613,204.0537,210.0465,216.6385,222.9309,230.1222,237.6132,243.0067,248.9994,254.0933,259.4868,264.8803,270.5734,275.6672,281.0607,287.0535,292.1473,297.5408,303.234,309.2267,315.2195,321.2123,326.9054,333.4974,339.7898
0,0,0,0,0,0,0,0,0,0,0,0,0,0,0,0,0,0,0,0,0,0,0,0,0,0,0,0,0,0,0,0,0,0,0,0,0,0.8701,0.8701,1.3051,1.3051,1.7401,1.7401,1.7401,1.7401,1.7401,1.7401,1.7401,1.7401,1.7401,1.7401,1.7401,1.7401,2.1751,2.1751,2.1751,3.0452,3.0452,3.4802,3.4802,3.9153,3.9153,4.7853,4.7853,5.2204,6.0904,6.0904,6.0904,6.0904,7.3955,9.1356,10.0057,10.8757,12.1808,14.356,14.791,16.0961,16.0961,18.2712,20.4464,21.7515,23.0566,24.7967,25.6667,27.4068,30.017,33.0622,35.6724,37.4125,40.4577,44.808,50.4634,55.2487,58.7289,61.7742,64.8194,68.7346,72.2149,74.825,78.3053,80.9154,86.1358,90.4861,94.4013,101.7968,109.6274,114.8477,123.1133,132.6839,137.4692,143.5597,153.1303,158.3506,166.6162,174.0117,185.3225,194.8931,200.9835,213.5994,222.2999,227.9553,241.0062,251.8819,263.1927,269.7181,284.0741,294.0798,315.3962,315.3962,332.3623,340.6279
0,0,0,0,0,0,0,0,0,0,0,0,0,0,0,0,0,0,0,0,0,0,0,0,0,0,0,0,0,0,0,0,0,0.0672,0.1345,0.1345,0.1345,0.2017,0.4034,0.4706,0.6051,0.6724,0.9413,1.2102,1.2775,1.2775,1.4119,1.4119,1.4792,1.7481,1.8826,2.286,2.4205,2.6894,3.0256,3.1601,3.2273,3.5635,4.1686,4.5048,4.841,4.9754,5.5806,6.2529,6.7236,7.127,7.8666,8.27,8.6062,9.4802,9.8164,10.7577,11.0939,12.3041,13.1782,13.5816,14.3884,15.128,15.8676,17.6157,18.8932,19.2294,19.8345,20.9775,21.9188,24.3393,25.2806,26.827,27.7683,30.9284,32.0714,33.2816,35.7021,38.3243,40.9465,42.8963,44.8462,47.1322,49.4854,51.2336,53.1162,55.066,56.8814,59.1001,61.1844,62.9998,65.5548,68.1097,69.8578,71.8749,74.2954,76.9848,79.4053,82.162,84.9186,87.7425,90.7681,93.5248,96.8866,100.2483,103.6101,107.6443,110.4009,114.0989,117.5279,121.0242,124.5876,127.8822,130.9078,134.5385,137.8331
0,0,0,0,0,0,0,0,0,0,0,0,0,0,0,0,0,0,0,0,0,0,0,0,0,0,0,0,0,0,0,0,0,0,0.0472,0.0945,0.1417,0.189,0.2834,0.2834,0.2834,0.4252,0.5196,0.6614,0.7086,0.8031,0.8031,0.9448,1.0865,1.2755,1.4172,1.5589,1.6534,1.8423,1.8423,1.9368,2.0785,2.2202,2.4092,2.5509,2.7399,2.8816,2.9288,3.354,3.7791,3.8736,4.1571,4.1571,4.2043,4.2515,4.4405,4.5822,5.0074,5.2436,5.5742,5.6215,5.716,5.9994,6.3773,6.5663,6.8969,7.0859,7.3693,7.6055,7.889,8.3614,9.0227,9.4951,10.2509,10.6761,10.8651,11.054,11.3374,12.046,12.1405,12.4239,12.8019,13.1325,13.6522,14.4552,15.2583,16.2503,17.3841,17.762,17.951,18.8485,19.3209,20.3602,21.0688,21.4467,22.4387,22.7221,23.7142,25.3675,26.9264,28.3436,30.0442,31.2252,32.5007,34.0123,36.4215,38.0749,39.3504,41.6651,42.4682,44.405,45.586,47.57,50.0265,52.4357,55.8842
0,0,0,0,0,0,0,0,0,0,0,0,0,0,0,0,0,0,0,0,0,0,0,0,0,0,0,0,0,0,0,0,0,0,0,0,0,0.4977,1.2442,1.493,1.493,1.493,1.493,1.493,1.7419,1.9907,2.2396,3.4838,4.2303,4.4791,5.2256,6.9675,6.9675,7.4652,8.4606,8.4606,8.4606,9.2071,10.7001,11.6955,12.9397,14.1839,15.6769,19.1607,20.9025,23.1421,25.1328,25.8793,28.6166,30.6073,33.0957,36.3306,39.0678,41.0586,42.8004,45.04,48.7726,52.754,57.9797,61.9611,64.6983,67.4356,70.9193,75.1496,80.8729,86.0986,90.3288,98.7894,103.7662,111.2314,115.7105,121.185,127.1571,133.8758,139.3503,145.0736,150.2992,156.2714,165.2296,173.6902,183.3949,194.095,200.5649,207.0347,216.7395,224.9512,233.1629,240.3792,248.5909,255.8073,262.526,270.4888,281.6866,293.3821,304.3311,315.28,322.7452,330.4592,345.1408,354.5967,364.0526,370.7713,375.0016,375.0016,390.1808,403.3693,410.088,421.2858,429.9951,437.4603,443.1837
0,0,0,0,0,0,0,0,0,0,0,0,0,0,0,0,0,0,0,0,0,0,0,0.1158,0.1158,0.1738,0.1738,0.2317,0.3475,0.4634,0.5213,0.5792,0.753,0.9847,1.0426,1.3322,1.6218,2.3748,2.7223,3.3594,3.7069,4.1124,5.155,6.1396,7.0663,8.5144,8.9777,9.8465,10.8891,12.9743,15.349,17.4342,19.751,22.4154,23.2842,24.4426,26.7015,28.3812,30.698,33.0149,35.6213,37.3589,39.2124,42.7456,45.9891,49.4644,53.3451,56.2411,59.0213,61.6857,65.0451,69.7946,80.7417,87.055,95.7431,99.2763,102.5199,111.6714,118.7377,130.1481,141.211,151.4051,157.2551,165.1902,178.3383,187.4898,197.6259,211.8165,226.1809,231.2779,237.765,252.5928,266.7255,281.2636,294.1799,305.6483,309.529,316.3636,329.3379,348.1042,366.4652,374.9216,384.5365,388.4751,392.7612,401.2756,413.439,426.4711,429.5989,439.735,444.3687,447.6123,461.4553,471.3598,487.2301,497.8296,511.0935,514.0475,517.4069,530.1494,538.3742,547.3519,555.2871,566.9871,568.7247,570.4044,583.8421,590.6767,598.4381,608.1688,615.351
0,0,0,0,0,0,0,0,0,0,0,0,0,0,0,0,0,0,0,0,0,0.0218,0.0871,0.1089,0.196,0.3267,0.4791,0.6533,0.8711,1.0453,1.2631,1.4809,1.8293,2.1342,2.4609,2.9617,3.5715,4.0942,4.7693,5.6621,5.9888,6.6203,8.0794,9.3208,10.8016,11.7598,12.1954,12.8051,13.2407,15.1353,16.9429,18.5762,20.2095,21.5815,22.1041,22.5832,23.8028,24.6956,29.2907,32.9275,36.303,37.0217,39.7439,44.622,48.9339,51.7215,54.6832,56.3165,57.2094,57.7974,62.0875,66.3123,69.8185,74.3918,78.5731,80.7726,81.513,85.9992,89.6796,93.9697,98.0203,102.0927,104.1398,105.0327,112.0886,116.7925,121.0391,125.7212,131.6447,134.2145,135.4558,139.8766,146.1703,152.0066,158.431,164.0278,165.8353,166.9677,174.089,180.2302,186.4368,192.5563,197.2602,199.1548,200.0913,207.3649,214.7693,220.9323,225.7886,230.4272,232.8881,234.4779,242.4266,250.8981,257.9757,266.3818,272.0875,274.1346,275.1364,284.5878,290.7726,299.636,304.1439,310.6118,312.2451,313.5518,321.5006,327.3151,334.3057,341.7754,348.3522
0,0,0,0,0,0,0,0,0,0,0,0,0,0,0,0,0,0,0,0,0,0,0,0,0,0,0,0,0,0,0,0.1749,0.1749,0.1749,0.2624,0.2624,0.2624,0.3498,0.4373,0.6122,0.8746,1.2244,1.3119,1.4868,2.099,2.2739,2.3614,2.7112,2.8861,3.4109,3.5858,3.7607,3.8482,4.2855,4.5479,4.6353,4.8102,5.2475,5.4224,5.8597,6.2096,6.5594,6.7343,6.9092,7.3465,7.6964,8.0462,8.1337,8.396,8.4835,8.9208,9.0957,9.3581,9.533,9.6205,9.7954,9.9703,10.1452,10.4951,10.67,10.8449,11.0198,11.1073,11.3696,11.632,12.2442,12.5941,13.0314,13.3812,13.6436,13.9934,14.3432,14.6056,15.2178,15.5677,16.2673,16.3548,17.0545,17.8416,18.3663,19.2409,20.3779,20.9026,21.3399,21.8647,22.7393,24.6634,25.1881,26.4126,27.9868,29.2112,29.9109,32.5347,34.4588,36.2954,37.4324,38.2195,39.4439,41.0182,43.5545,45.566,47.1403,49.3268,50.2888,52.3878,53.6122,56.7608,57.9852,61.7459,63.67,66.7311
0,0,0,0,0,0,0,0,0,0,0,0,0,0,0,0,0,0,0,0,0,0,0,0,0,0,0,0,0,0,0.1396,0.1396,0.1396,0.1396,0.2791,0.2791,0.2791,0.6979,0.6979,1.3957,1.3957,1.5353,2.0936,2.3727,2.5123,2.5123,2.931,3.3497,3.6289,3.908,4.0476,4.1871,4.3267,4.4663,4.885,4.885,5.1641,5.4433,5.862,5.862,5.862,6.0016,6.1411,6.1411,6.4203,6.6994,6.9786,7.2577,7.2577,7.6764,8.0951,8.2347,8.793,8.793,8.9326,9.0721,9.6304,10.1887,10.1887,10.8866,11.0261,11.3053,11.5844,11.8636,12.701,13.1197,13.678,13.9571,14.3759,14.655,15.2133,16.8881,17.586,18.2839,18.7026,18.9817,19.9587,20.3774,20.6566,21.2149,21.7731,22.1919,23.1689,23.8667,24.7042,24.9833,25.6812,25.9603,26.6582,26.9373,27.2164,27.7747,29.5892,30.1474,30.9849,32.6597,33.0784,34.3346,35.7303,36.7073,38.9404,40.3362,41.5923,42.4297,43.5463,45.2212,47.5939,48.4313,50.5249,52.4789,53.4559
0,0,0,0,0,0,0,0,0,0,0,0,0,0,0,0,0,0,0,0,0,0,0,0,0,0,0,0,0,0.0879,0.0879,0.1758,0.1758,0.1758,0.3516,0.3516,0.4395,0.4395,0.5274,0.6153,0.6153,0.7032,0.7032,0.8789,1.2305,1.3184,1.4063,1.4063,1.4942,1.5821,1.67,1.8458,2.1095,2.1095,2.2853,2.3732,2.3732,2.4611,2.5489,2.9884,3.0763,3.34,3.9553,4.3068,4.4826,5.0979,5.4495,5.7132,5.889,6.68,7.2953,7.9105,7.9984,8.35,8.5258,8.7895,9.229,9.7563,10.5474,11.0747,11.6021,12.1295,12.6568,13.2721,14.0632,14.1511,14.5905,15.1179,15.4695,15.8211,17.3153,17.8426,18.37,18.7216,18.9853,19.1611,19.6884,20.3916,21.5342,22.6769,23.2921,24.259,24.8742,25.1379,25.5774,26.5442,27.7748,28.39,29.6205,30.2358,30.7632,31.6421,32.8727,34.0153,35.6853,37.1795,37.7948,38.1463,40.2558,41.9258,43.9474,43.9474,47.4632,48.6937,49.1332,51.1548,53.9674,55.9011,58.2742,60.6474,62.8448
0,0,0,0,0,0,0,0,0,0,0,0,0,0,0,0,0,0,0,0,0,0,0,0,0,0,0,0,0,0,0,0,0,0,0,0.3598,0.3598,0.3598,0.3598,0.3598,0.3598,0.3598,0.7197,0.7197,0.7197,0.7197,0.7197,0.7197,1.4394,1.4394,1.4394,1.7992,1.7992,1.7992,1.7992,1.7992,2.1591,2.1591,2.5189,2.5189,2.5189,2.5189,3.2386,3.2386,3.2386,3.2386,3.2386,3.2386,3.5984,3.5984,3.5984,3.5984,3.5984,3.9583,3.9583,3.9583,3.9583,4.3181,4.678,5.0378,5.0378,5.3977,5.3977,5.7575,5.7575,6.1173,6.1173,6.1173,6.1173,6.1173,6.1173,6.4772,6.4772,6.4772,6.837,7.1969,7.1969,7.1969,7.1969,7.1969,7.5567,7.5567,7.5567,7.9166,7.9166,8.6362,8.9961,10.0756,10.0756,11.1551,11.8748,12.9544,12.9544,14.0339,14.3937,15.4733,16.193,16.9126,19.7914,20.1512,21.9505,23.3898,24.4694,25.9087,26.9883,27.3481,30.5867,32.7458,38.5033,41.0222,41.0222
0,0,0,0,0,0,0,0,0,0,0,0,0,0,0,0,0,0,0,0,0,0,0,0,0,0,0,0,0,0,0,0,0,0,0,0,0,0,0.287,0.287,0.287,0.287,0.287,0.287,0.574,0.574,0.861,0.861,1.148,1.148,1.148,1.4349,1.4349,1.4349,1.4349,1.7219,1.7219,1.7219,2.0089,2.2959,2.5829,2.5829,2.8699,3.1569,3.1569,3.1569,3.1569,3.4439,3.4439,3.7308,3.7308,3.7308,4.0178,4.3048,4.5918,5.1658,5.4528,5.7398,6.0267,6.8877,7.4617,7.7487,7.7487,8.6096,9.1836,9.1836,9.7576,10.6186,10.6186,11.4795,12.0535,12.3405,13.4884,15.4974,16.3583,16.6453,18.0802,19.2282,21.5241,22.6721,24.107,26.1159,28.9858,32.4296,36.1605,40.1783,43.9092,46.779,51.9448,57.1106,61.1284,63.9983,71.747,78.0607,84.6615,92.4101,97.8629,106.1856,113.0733,121.3959,127.7097,136.6063,144.642,152.9646,161.5743,169.3229,180.5155,190.847,202.6135,212.6581,225.5726
0,0,0,0,0,0,0,0,0,0,0,0,0,0,0,0,0,0,0,0,0,0,0,0,0,0,0,0,0,0,0.1425,0.1425,0.1425,0.1425,0.1425,0.1425,0.1425,0.1425,0.285,0.285,0.4275,0.7124,0.7124,0.9974,0.9974,1.1399,1.4248,1.9948,2.1373,2.1373,2.1373,2.2797,2.2797,2.5647,2.5647,2.7072,2.7072,2.9922,3.2771,3.4196,3.5621,3.5621,3.7046,3.8471,3.8471,4.132,4.132,4.2745,4.2745,4.2745,5.4144,6.4118,6.2693,6.9817,6.9817,6.9817,6.9817,7.4091,8.6915,9.5464,9.5464,9.8314,9.9738,10.4013,10.4013,11.1137,12.1111,13.5359,13.5359,13.5359,13.6784,14.8183,15.3882,16.3856,16.9555,17.668,17.668,18.0954,22.085,22.6549,23.3673,23.7948,24.5072,24.6497,24.6497,26.217,26.9294,27.6418,29.3516,30.064,30.7764,33.9111,35.4784,36.3333,39.183,41.1777,42.0326,43.6,46.1647,50.5817,53.4313,54.7137,60.5555,61.8379,62.1228,66.5398,69.9594,74.2339,81.5006,85.7751,88.4823
0,0,0,0,0,0,0,0,0,0,0,0,0,0,0,0,0,0,0,0,0,0,0,0,0,0,0,0,0,0,0,0,0,0.3316,0.6633,0.9949,1.3266,1.6582,1.9899,2.3215,2.3215,3.3165,3.9797,3.9797,4.3114,4.643,4.643,4.643,4.9747,5.638,5.638,6.6329,7.9595,7.9595,7.9595,7.9595,7.9595,8.2911,8.6228,8.6228,8.9544,8.9544,9.2861,9.2861,9.2861,9.9494,10.281,10.6127,10.9443,10.9443,11.2759,11.6076,11.6076,12.2709,12.9342,13.9291,14.5924,15.2557,15.919,16.9139,18.2405,18.5721,19.5671,21.8886,23.8785,25.8683,27.8582,29.8481,31.5063,34.4911,37.8076,41.124,44.1088,47.0937,51.0734,53.7266,56.3797,57.3747,58.7012,63.3443,65.0025,66.9924,68.9823,70.9721,74.9519,78.2683,84.9012,90.8709,93.524,97.1721,100.8202,105.7949,115.4126,121.0506,125.6936,131.3316,134.3164,140.286,148.9088,157.5316,164.1645,168.8075,176.4354,178.0936,181.7417,185.3898,194.6759,205.6202,209.2683,213.248,222.5341
