NaN,NaN,NaN,NaN,NaN,NaN,NaN,NaN,NaN,NaN,NaN,NaN,NaN,NaN,NaN,NaN,NaN,NaN,NaN,NaN,NaN,0,0,0,0,0,0,0,0,0,0,0,0,0,4.07739739549404,0,0,0,0,0,0,0,0,0,0.889056574957347,0,0,0,0,0,0,0.585368933016471,0,0.585368933016471,0,0,0.67956623258234,0,0,0.317009448979429,0.335921944515134,1.56270296655498,0,0.242304353420752,1.06767064983591,0.266917662458978,0.515226686140859,1.59359197398015,0.44286338752557,0.388962251543839,0.800301350046208,0.756764956603694,0.699671742422054,0.313645953499542,0.352968729759186,0.494746964306808,0.975212572942905,0.420799019463798,0,0.899197904709712,0.77707244996272,1.15763870109831,1.17306075862428,1.47192354111196,0.514554066446158,0.240090405013862,1.2167350506666,0.573445802470064,1.01740030614144,1.08813979573,0,1.34623747023902,0.447049241850008,0.495576380843785,0.311990829734372,0.821142531036994,1.25524972897375,0.478722771130879,1.12613832827931,0.792258120397502,1.0977608372484,2.08408716597144,2.21431693762785,1.7388900657254,1.37015671459244,0.991152761687571,1.14615047950883,2.42457226829851,0.420799019463798,1.79367423349038,2.79758338649828,1.23816255988824,1.24281031724518,1.49676613252313,1.24066087013822,1.71515095220014,2.1674149088064,1.55329424590249,2.4098748193477,1.00919935535699,1.17816102279221,1.20248668951858,1.07170263869481,0.573445802470064,0.995324280044842,2.29283011436368,1.61609828431882,0.544403887980328,0.657435799273463,0.292443176758435,1.67327157267916,1.48335424961522,0.517859231252528,1.72818920378247,0.806441769611779,0.387052453254753,1.54865710013757,1.42307414569212,2.04833034513795,2.69059396996074,1.52327889815558,0.443527848722157,0.819877288308124,0.947640890671366,0,0,3.69514138966647,1.52631504630111,2.82837982912742,2.34147573206588,1.72545658023911,0.968335505208321,0.814075899960944,2.76191590001348,0.939940576067783,1.47928929694738,0.885358336292799,0.746611046373021,1.13092531373427,0.676972468335843,0.785677903450679,0.870725511556165,1.73125218842353,0.482237049222378,1.19879241397475,0.831731707873345,0.653284665576393,0.163773579597406
NaN,NaN,NaN,NaN,NaN,NaN,NaN,NaN,NaN,NaN,NaN,NaN,NaN,NaN,NaN,NaN,NaN,NaN,NaN,NaN,NaN,0,0,0,0,0,0,0,0,0,0,0,0,0,0,0,0,0,0,0,0,3.26410420238002,1.96925294854332,0,0,0,0,0,1.98566338978118,0,1.17379116637311,1.1796020137314,0,1.1796020137314,0,4.45382442567742,0,0,1.16803728810658,0.638819321109227,0,0,2.34373383711877,0.976555765466155,1.0757544323871,0.537877216193548,0,1.92678927310303,2.67729895251395,2.35144348789877,0.403180383711915,2.28748422502792,0.352484625404944,0.63204139727783,0.711282408279826,0.498492901200297,1.9651926331855,1.69594026173482,0.306271988141056,0.906006109405862,0.521970661059675,0.666516382583893,1.41833099270084,1.64785343550306,1.24427993093338,0.725724690681447,0.445799077219349,0.462230081035387,1.59460539905946,1.82729759795814,1.62537248822471,1.80857386545535,1.80173615707933,1.79758295135262,2.72439304138843,1.93050607339837,3.03540900348716,4.1803439784867,0.698255257945031,1.19738495866202,1.58010349319457,1.9893473663856,3.27225427529483,3.0035244551312,1.10442459686555,2.39677726847016,2.6945997534995,1.50334136765768,2.54391039260223,0.556078428876877,1.12750602574326,1.87130581235923,1.07333156204388,2.01079836939867,1.15389640084136,1.01655122343747,1.21323628703535,1.17379116637311,1.61874732862596,2.71157447253191,1.07916488575064,1.81738683132515,1.9196745762235,1.84892032414155,0.802288238295427,2.64021724957055,0.723704196731182,1.09705159656419,1.51408804939629,1.76794432066255,0.899168327448082,0,1.04356032163683,0.916460026052853,1.01568459835355,1.36494046433404,1.10144656443948,0.521399577185431,2.62670432663967,1.14145919412571,1.15110921146735,1.78754393678726,0.183574427406581,1.06090653060437,1.41160904486814,1.00965935073619,1.55129952326655,0.723704196731182,0.183857721276035,0.725908931527012,1.2271911078476,0.650444786461534,1.23035941535495,2.43497408381926,1.32588016487774,1.98731948935564,2.18059540308749,1.88065987982432,1.01287824345905,0.909464147991381,0.791626600577215,1.05278176777795,0.348872045056723,0.971776536597642,0.878450163221168,0.838029097680217,0.877641277251351,0.330027156196318
NaN,NaN,NaN,NaN,NaN,NaN,NaN,NaN,NaN,NaN,NaN,NaN,NaN,NaN,NaN,NaN,NaN,NaN,NaN,NaN,NaN,0,0,0,0,0,0,0,3.90029801728334,0,0,0,0,0,1.74840945602356,1.40844095068565,0,0,3.38025828164556,3.16899213904271,2.9252235129625,2.77829447806484,1.67616113139449,2.62908977461321,3.81232137027694,4.4477082653231,2.23693562755956,4.75348820856407,3.80279056685125,4.81686805134492,3.996364470911,4.5181670101203,5.04635715032394,4.01614845344027,9.17914964412371,1.42160395022477,2.33121260803142,4.20032094168975,3.35540344133934,2.85464171238164,4.60944311133485,3.797206439734,2.65987536916372,3.22094282984669,3.31921524269936,5.15050641108522,5.6337638027426,3.41670311487085,8.92540108074951,6.1711952181358,5.49077487373898,8.27487227346833,4.12531521058814,4.57276319267701,6.65961333100319,4.45515212852866,3.24086618755708,3.78925750433577,4.04066864001333,4.81975990728929,5.33140408058007,3.12023841382667,3.82291115186105,1.4025967973633,2.55946449524076,3.6033210108912,2.79843646328935,2.40978645684722,3.63555503523064,1.08873349562204,1.59098104661353,3.41553611949954,1.86904640336735,3.1025840891885,2.09593851236598,2.11266142602847,0.538257688160121,1.30009933909445,1.15151655748365,1.52876002687488,1.51304664463578,0.752562140626098,2.08892365719669,1.91737339505105,1.23381385714757,1.87005068389444,1.96590142389725,1.47952945292846,1.74426139088472,2.12991770372065,2.15931325562532,1.32732655038438,1.4465069223258,1.24085430592052,1.06400381746712,0.821991135041795,1.34246510167186,0.582803152007855,0.964475868404303,0.540937491728485,1.1022581353192,0.902357083659619,0.408490426784962,1.62291740971343,1.02432069140774,0.561815780882918,1.19348527028488,0.933773005979436,0.765189523644944,1.04500977379809,1.48284915185395,0.999538739196267,0.666182289083431,0.546041722419667,0.648387138423061,0.74686557777766,0.898450775938149,0.832120474146882,1.27757793322037,0.546508823978623,0.653190006115084,0.608598640356289,0.585946158220532,1.03845868848416,0.660832483970992,1.43231283120574,-0.198062008690169,0.885489071501684,0.547727036377752,0.386168120523103,0.261135832916824,0.507500105979542,0.6108900508998,0.518141780398224,0.483661757310175,0.422884689113289,0.253097541886939,0.64030148981447,0.538829694204924,0.483815593746979,0.421128523460825,0.410708848653547,0.668133042492167,0.744428822222105,0.467316813130722,1.12939461930713,-0.466886502989718,1.75567431525912
NaN,NaN,NaN,NaN,NaN,NaN,NaN,NaN,NaN,NaN,NaN,NaN,NaN,NaN,NaN,NaN,NaN,NaN,NaN,NaN,NaN,0,0,0,0,0,0,0,0,0,0,0,0,0,0,0,0,0,5.78190422185207,0,0,0,0,0,2.60837784444454,3.0431074851853,0,0,0,0,0,0,0,0,0,0,0,0,0,0,0.985551855997512,0,0,1.42177972668494,0,0.783102151943847,0.755804473444715,0.935078849895214,2.59860863903464,0,0,1.1101256105956,0.513186765253143,0.920196958384945,1.03556493525709,2.17728610864722,2.14586136068737,1.64609372864116,0.445905209911471,3.51750827184917,1.13991539970797,4.36675283888129,1.37664386234573,4.31843468852022,1.20770845365056,0,2.59617776098129,3.70131599071035,-0.663315971914196,1.59623122689168,0.946560036319575,5.26625052464705,0,1.74474896887405,0.610227358506815,2.40912675910503,0,1.8726815293448,1.01659854450146,0,3.45073859394354,0,1.29930431951732,2.18643436960793,9.24568693644943,4.07108092737279,1.68132917598283,1.09436672968809,2.05761716080145,1.2144022869701,1.64155009453213,5.90299122126259,2.0835690889557,0,4.19993042749545,1.77601153572248,2.11963902226756,0,0,1.97390755795803,3.77080710120787,0.587990259849363,2.79487817370493,0,0,0.960981311111148,8.16578728370908,12.7776888880709,1.10218984372081,1.71598146732625,1.3091103898533,1.86513039414583,2.5322208270885,2.66857117931634,2.07024703595726,0,0.801804899794586,0,0.546321658757676,0.415466171630089,1.39659522266958,3.12300903205813,2.67268299931529,1.23566964670035,0,0.979983766415605,1.80684506932877,4.21459988836598,1.87376525708169,1.849504777744,2.38224379956137,0,0.597098542704173,2.5322208270885,3.86073095894733,2.31469059757214,1.15445674978744,2.19046095224072,0,0,8.64404285658948,1.02183874318446,1.52378149331387,1.69778590527467,0.959209916989284,0,0,1.9219626222223
NaN,NaN,NaN,NaN,NaN,NaN,NaN,NaN,NaN,NaN,NaN,NaN,NaN,NaN,NaN,NaN,NaN,NaN,NaN,NaN,NaN,0,0,0,0,0,0,0,0,0,0,0,0,0,0,0,0.581608914726719,0,0,0,0,1.33849722841218,0,0.180944995692757,0.183665973071595,0.428553937167056,0.718458071133006,0.763361700578819,0.203563120154352,0.732827232555666,0,0.60464293115154,0.694622969247077,0.120928586230308,0.210582538090709,0.228295088023572,0.421165076181417,0.722709302323142,0.598715059277505,2.16115269654486,0.624568664109943,2.04459873987631,0.640723263436648,0.500565049559881,1.32339003621791,3.7496051026174,2.07554553882868,2.83122830187724,1.00637947042601,2.16955430690822,1.28131101010861,1.36794416743724,2.81856627906025,2.78616896550784,1.31252638666686,3.16843015470372,7.05125859503734,2.95564957377137,3.39097434087455,2.2600924366947,2.14042273108628,1.63989310781688,2.76264234495192,3.78407791822197,3.44409665430861,5.55510321801926,2.62784944633307,2.60623975367356,3.43293827870245,5.24518469109372,4.69889221420413,2.10902207977753,1.9163409042886,3.68563570438726,2.47068694646443,0.565453111539866,0.155589645977848,3.16470599754134,2.23695736433353,2.06631910910447,4.00106822372346,3.92019515250866,0,0.667139637480648,4.44395038668364,1.28997249653554,1.6179815042963,2.1191113454554,1.21703217743527,1.68171165775124,0.385292971900981,2.87759384511387,1.0820021701898,0.927629408298311,1.45895117592465,1.04213201444207,1.59202114336601,0.88244111199916,2.22370582342525,0.938185646230582,0.486781374282145,1.13857338391417,0.762592957677934,0.260623975367356,1.02809656643612,1.69166027829101,0.741915699879186,0.989699147711765,0.892508676133456,0.382624826011477,0.622211801226509,0.393993135782616,0.820195929381037,0.770408116276469,0.562271533930179,0.559715289458774,0.940969738772042,0.400890170982312,0.153874484526124,0.731364503548569,0.373690751974172,0.879612582212352,1.18562187085277,0.652562094884832,1.30241806733827,0.517533356324623,0.508907800385879,0.500793097418451,0.65969529679651,0.558131936447575,0.901618626606399,0.600131491628844,0.546572233116676,0.855856621962822,-0.718458071133006,-0.346345925867287,0.589350797119088,0.424156777590756,0.597060798752402,0.512792592755237,0.608660492155869,0.341770187004361,0.304003488371067,0.378567629650833,0.38273618904597,0.400921502765898,0.359890599167915,0.270665644526562
NaN,NaN,NaN,NaN,NaN,NaN,NaN,NaN,NaN,NaN,NaN,NaN,NaN,NaN,NaN,NaN,NaN,NaN,NaN,NaN,NaN,0,0,0,0,0,0,0,0,0,0,0,0,0,0,0,0,0,0,3.1059983168407,4.77845894898569,0,0,0,0,0,10.9623470006142,0,2.07066554456046,1.24239932673628,0,3.69029502990974,0,0,2.14206780471772,4.64448346443469,0,1.47029506122637,1.2180385556238,1.33233171767966,1.41181741674577,3.28387487243069,2.44406424931727,1.0183601038822,1.68270789174214,1.68270789174214,1.6240514074984,2.00927114836056,2.79190859940737,4.90420786869584,2.52263822687569,0.397567784555609,1.83786882653296,1.64774446516748,1.11259641200264,1.55949706284889,0.512329619272692,3.83183659491616,2.55506288274813,2.20451084591989,0.544315148624876,1.7376214359948,5.42317166432503,2.74943142846203,1.94631748313777,1.51358293612542,2.09197267364388,1.44605159270954,1.18776226265419,0.381104087955914,1.6949513325188,1.17874698931336,2.34858095791357,3.1242229507199,1.96685909245849,2.30073949395607,3.69290670367471,2.0119827153624,1.63832878250938,2.08107089905574,1.15342112561724,1.38300481640402,2.79190859940737,1.56604957151632,1.72755410438417,1.45797071033595,0.802842860572717,2.74346854484352,2.65280995032657,2.02959049875238,1.95962038917394,1.62617712923597,1.49237156364718,0.209687650082072,0.802194884091221,1.27208122191428,1.26517243048501,2.44807749110597,4.38891066510099,1.41382569187628,1.57550639260035,1.47403309951762,1.75162040023242,1.20504299392462,0.418316271628377,2.06492962892456,0.754684480933199,0.686408467810099,1.38154015681556,2.25332112021419,0.703244901926196,0.445304418185046,2.53921030281867,1.14683014775657,1.4828295459768,1.01669339340121,0.57429861020167,0.81557942674154,0.391306874562608,1.19032270825033,1.00032151911134,0.932032503178004,0.957164350336116,1.32758610158819,1.76644454038333,0.701920523579819,2.58833193070058,3.3960801641994,2.10901120279307,0.756983595878921,0.853149752265256,0.452192657592822,0,0.725488657948192,0.395039531553666,0.207239253834242,0.41344403551956,0.784466820354399,0.792178104188913,1.42259464893467,2.06378625703701,0.914874320129808,1.27332288245299,1.21605154329815,1.1450685039044,0.582602263416778,0.457605645206733,0.344154938154094
NaN,NaN,NaN,NaN,NaN,NaN,NaN,NaN,NaN,NaN,NaN,NaN,NaN,NaN,NaN,NaN,NaN,NaN,NaN,NaN,NaN,0,0,0,0,0,0,0,0,0,0,0,0,0,0,0,0,0,0,0,0,0,0,0,0,0,0,0,0,0,0.658166374195431,0,0,0,0,1.24867078468853,0,0,0,0,0,0,0,0,0.301597683886394,0,0.291084474862032,0,1.00080729559305,0.43949925645287,0.452141367044577,0,0,0,0.398829176004993,0.279514171467934,0.550959892625454,1.10943584547059,0.343464714554428,0.169338116554718,0.439017877201553,0,1.32547394803247,1.10877820715081,0.46512715043228,0.678212050566866,0.249967771677591,0.259180938819927,0,0.204919898714222,1.09365162860851,0.760575563349179,0.126283340228424,0.335979314237232,0.235018072052194,0.154638627270454,0.567336619794788,0.540922161788148,0.293643459256423,0.335697924526815,0.442996598016156,1.11546379003252,0.500403647796526,0,2.3222672183373,0.671958628474464,0.43168909196017,0.421475627639345,0.316981670134454,0.311803439817205,0.842951255278691,0.699517141160589,0.90275522947076,0.338247529016892,0.754846180574421,0.911998457076263,1.08845437035986,0.658166374195431,0.181532301578359,0.19005373252016,0.242043068771146,0.339680781258489,0.672748106554242,0.129590469409964,0.674786737180164,0.925261592532358,0.405794302085566,0.615137080854846,0.212244279526088,0.440586229057453,0.630225348875814,0.957761820513781,0.780191380798088,0.51387605369874,0.797318344187304,0.546676652871001,0.617601420469981,0.584716735062024,0.841623772986913,1.28007448106992,0.430298788926482,0.701616217353119,0.514667850391651,0.594869875163279,0.949818298305729,0.943557725718026,1.56571610111335,0.71014002864974,1.13401659998333,0.814061075166322,0.688108707098743,0.729432796879013,0.919846980803253,1.36533491639665,0.743445483093567,0.445730688779558,1.44500920258048,0.949068639033191,0.70992440999826,1.78483667506051,1.33163894313959,0.688699865781817,1.27152347108473,0.98080747606448,0.861985638462403,1.09642956357762,2.46054832341938,0
NaN,NaN,NaN,NaN,NaN,NaN,NaN,NaN,NaN,NaN,NaN,NaN,NaN,NaN,NaN,NaN,NaN,NaN,NaN,NaN,NaN,0,0,0,0,0,0,0,0,0,0,0,0,1.35009154471872,0,0,0,0,0,0.371275174797648,0,0.813753807775668,1.71829832964201,0.220014918398606,0.893293653648477,1.3027199115707,1.31038296987405,0.928187936994121,1.23758391599216,0.297020139838119,0.4389460194652,0.441119019561562,0.563071355143353,0.58815869274875,1.5363110681282,1.66553349441936,1.02420737875213,1.7575156203439,0.873588646582702,0.955560771597165,1.01256865853904,1.7009963955487,1.94767304811881,1.27816043782797,1.2068538413287,1.34094871258744,1.29420540234474,1.04077137948667,1.33492197680053,2.14948785409165,1.00514429725252,0.665325113237386,1.09844726271494,0.984814787261667,1.06395273971863,1.24276209137288,1.46979038270409,0.739907821660794,0.992612292518134,0.978773591355017,0.910905138605402,1.03853195747594,1.59117932056135,1.15028546548649,0.775509503493782,0.874475538609689,0.833545761940464,0.835459171222642,0.908665819772447,1.36665708514472,1.33719844674733,1.01449004119282,0.954507065642347,0.597525847117758,0.5485860102551,0.790678612994992,1.32429361711263,0.841757481322603,0.674551233331991,0.845785992838864,0.6499777595927,1.01945688070597,1.40908430884501,2.37116918358162,1.34226946160911,0.946082591269783,0.887701548789208,0.890123447464393,1.37411452594147,1.28235066207823,1.45230667744191,1.24406341293453,0.84735475329193,0.827144693220077,0.886985082648135,0.963034583092876,1.17961155332858,1.80455585780138,1.57388389316394,0.781631946942417,1.04925592877596,0.88099194019781,1.04689878089971,1.06593066673234,1.95013223126038,1.23415570569855,0.811900154454994,0.902547386248427,0.896486522148412,0.832537902266779,0.896664573096207,1.80980013521434,1.34417873503382,0.822517310320944,0.962213581743266,0.802100213965459,0.80090176381619,1.10488892281138,1.73066853134022,1.35170842082018,0.837013276516437,0.802154916291993,0.823784671353796,0.846361930081905,1.26691054907254,1.34246390887285,1.23758391599216,0.857005718591383,0.733383061328688,0.678644645479327,0.790354020170101,0.729712809429409,1.27805567916574,0.867212087118595,0.377768063387114,0.470674116507444,0.444788894932291,0.3985274173045,0.599721855146042,1.02029819028361,0.937438979555524,0.349950091120022,0.391388178410405,0.411855006300817,0.492752305722225,0.557130391255557,0.820497623862206,0.740493423419132
NaN,NaN,NaN,NaN,NaN,NaN,NaN,NaN,NaN,NaN,NaN,NaN,NaN,NaN,NaN,NaN,NaN,NaN,NaN,NaN,NaN,0,0,0,0,0,0,0,0,0,0,4.01261364167533,0,0,6.64156740691088,0,0,0,0,0,0,0,0.530593539395084,0.475569024198557,0.48272043809628,0,0,0,0.535015152223377,0,0,0,0.304274020221826,0.317830783499036,1.10692790115181,1.20003398629542,0.368975967050605,0,0.157357397712758,0.172122837176421,0.18239152916706,0.565654786491676,0.210497764809197,0.394683309017245,0,0,0.279746484822681,0.346101446182238,0,0.211190191667122,0.108632518217945,0.513614546134442,0.189946207889956,0.0851483000886011,0.383294437413762,0.402940282009238,0.529499532097363,0.609269924240144,0.247564851928555,0,0.351598128514815,0.628549269744946,1.01907648042548,0.44399597694886,0.11175251221376,0.260718043723067,0.120115656252208,0.373628428322824,0.491027290759504,0.295407139264441,0.788289719510569,0.913688115751497,0.242728991556919,0.430523508914033,0.621125770391255,0.297230640124098,0.954167150462073,1.0397055589766,0.564411589158727,0.537703670576258,0.638612250664508,0.416894923810423,1.20228124095141,2.02316654202117,0.818331403169012,0.968677895056575,0.829748862898936,0.911382278235405,1.37085732954032,1.87286517697798,1.41770576614396,1.59664207731584,0.240997816316836,1.24611124062154,0.725444274201189,1.31471300205062,1.69984447549586,1.79216898281722,1.30846097011152,0.776266650452126,0.697845850726143,1.5234329758225,1.16377918308408,1.43224230857082,3.026348335809,1.77844371930208,1.12121626434056,0.65029466016101,1.47883457485095,1.90541257840477,1.33249056780162,2.87642554958805,2.34313205353304,1.18526433723333,1.42305820540233,0.630459753847514,0.890317972883277,1.54533917053579,2.42652541480839,2.46042896351828,1.39569170145229,1.1559217092298,1.08816641130178,1.02905852965494,1.29316458594276,1.63224961695267,1.83911458576786,0.87747359817957,1.28799944053776,1.51580835207232,0.716415139457912,0.876275954505985,1.76803630338878,1.78078036068511,0.714487643668738,0.642553644038084,1.33531235995851,1.26680777953444,1.02340836769615,1.96036086310856,1.70636061838685,0.709151159058968,0.939997339191877,0.837870385211161,1.00592710648451,0.82792497178764,2.71941403340059,2.0452102771974
NaN,NaN,NaN,NaN,NaN,NaN,NaN,NaN,NaN,NaN,NaN,NaN,NaN,NaN,NaN,NaN,NaN,NaN,NaN,NaN,NaN,0,0,0,0,0,0,0,0,0,3.83532869882773,0,1.04599873604393,1.04599873604393,0,1.27844289960924,1.09580819966507,4.52694534943601,0.383532869882773,0.28764965241208,5.31045512145378,0.31523249579406,0.760726353486492,2.89780390578095,0,2.01859405201459,2.36887949045242,0.479416087353466,4.79416087353466,1.15059860964832,1.4736730961013,1.25312719862688,2.18122959175037,2.84801636051564,1.78541163566118,3.65610773159279,1.98379070629021,2.45097928682482,1.80486056415423,1.35727449931705,2.1573723930906,5.06871634206308,1.5844308723026,0.943113614465835,1.71421011821194,2.18172196863338,2.35634573653468,6.14066104340612,3.36129930908498,2.64940469326916,3.23179981728631,1.9882343974723,1.83823446511862,2.86886655986583,2.23250476498928,2.5033944645068,3.55855240097418,2.48409189746138,3.22404237664953,0.699983945033198,3.85633268951134,1.54485967169564,1.2327842246232,3.40564457074329,2.16300521918222,1.02794596598022,5.61845158312837,2.00880455612704,1.25399848470276,0.564710974060525,5.30562523957888,2.40162897649554,1.47903034888631,1.1959281441441,2.55013939869284,2.58352002629368,2.63831528327003,5.5278421732092,5.32731370914093,1.9465738622191,3.17406513006433,2.0066098201659,1.66628512758059,0.821856149748799,5.59966878391998,3.22129032374299,2.97408364367901,3.43001793727969,2.83896216852729,0.456480195193032,2.03260322209167,4.69877966243816,2.60871456541886,2.23322936893766,1.59727974866433,2.04201801029736,0.538976945456443,0.113359468930869,2.97029532382039,1.80036766801302,1.81344346085876,1.56013370799772,1.55267083275805,0.558001265590843,0.309925551420423,2.58167555073446,1.22311165794051,1.20781069521094,1.90090953778277,1.25209411767171,1.47623972558652,0,2.11642955935311,1.04438950721924,2.25607570519278,1.80781450943107,1.20555786527097,0.629430311623807,0.072478652576272,2.92128030234064,0.0370563159307027,1.79538267672056,1.02826994390759,0.553270925387437,0.327184438762555,0.0325027855832858,2.30718992038856,0.856178160558354,0.426147633203081,1.43715287115251,0.888874462389259,0.502536244432387,0.554505354047383,0.503911799845979,1.95729811180239,0.614164395475333,0.306315769623513,0.508551871667765,0.293457668773216,0.263495864804959,1.94951923893901,1.0167292574212,0.876004797975294,0.900958128272745,0.530229774031483,0.215821544599919,1.05948306597451,0.478088064950825
NaN,NaN,NaN,NaN,NaN,NaN,NaN,NaN,NaN,NaN,NaN,NaN,NaN,NaN,NaN,NaN,NaN,NaN,NaN,NaN,NaN,0,0,0,0,0,0,0,0,0,0,0,2.72385014297849,0,0,0,1.42677864632207,0,1.99749010485089,1.49811757863817,1.15239813741398,0,0.495245480541544,1.33166006990059,0,0,1.76249126898608,2.49686263106362,0.499372526212723,0.299623515727634,0.295195581997669,0.889970838794952,0.284003332443255,0.593313892529968,0.51659226849592,0.560043954631091,0.344394845663947,1.77292021140612,0.587497089662027,0.321312081209259,0.680962535744622,0.263985476412012,0.589423309628132,0.736779137035165,0.270540420521566,0,0.391664726441351,0.32304422180877,0.224437090432685,1.18272440418803,0.405581747177846,0.383518100131371,0.443230052851529,0.476854401688542,0,0.125365487752148,0.617780444799245,0.853020685345577,0.924288480393729,0.379750970503972,0,1.1733508308215,0.356694661580516,1.74055154364601,0.521537886384045,0.486698096613415,0.168170354945351,0.174368680345859,0,2.5734535093171,0.654021316731534,1.25080025540948,0,1.30598682463009,1.95005630288873,0,2.29011604377809,1.4556608051545,1.14142291705765,0.552070129481402,0.357640801266406,1.27854190384705,0,2.64373690347912,1.94425456323841,1.40644734960163,0.43564000671223,0.897925362590701,1.27953102801837,0.0699238076377209,1.7958507251814,2.50993521028384,1.84452915087582,1.46651172254876,1.83788435797419,0.204521171145143,0,3.24715140197436,1.62838867243279,2.72772475200122,2.76826074313575,1.57429304873842,0.784512730001861,1.62744101656135,6.25476699498764,3.31992815210675,1.50153014715443,1.98645424791801,3.28419739240774,1.38325778077061,0.452261910532278,4.40306958596164,3.76169669380679,1.61335739237957,0.970647365528567,0.539420404746968,1.10800683782176,0.52450506035472,1.50991378004477,2.79887835050963,1.44745659771804,1.25873344941842,1.15417378939767,2.40125702720276,0,1.10031234589244,2.96502437438804,0.637012789701879,0.647334756201678,0.730232483113807,0.30862508057782,0,2.57851562588325,1.48718241383059,1.00033288239751,0.799662427296437,1.29620822111788,4.82424603065804,0.25472774982158,1.25796132557404,3.18536628016089,0.308890222399623,0.921243606190382,0.537660468679278,0.276150705739755,0,0.77250998530145,0
NaN,NaN,NaN,NaN,NaN,NaN,NaN,NaN,NaN,NaN,NaN,NaN,NaN,NaN,NaN,NaN,NaN,NaN,NaN,NaN,NaN,0,0,0,0,0,0,0,0,0,0,0,0,0,0,1.45277143775916,0,0,0,1.30749429398324,1.00576484152557,0,0,1.16221715020733,1.572925466446,0,1.53822858115675,0,1.30749429398324,1.30749429398324,0.772903030926054,0.5178195223696,0.495732433737722,0.2589097611848,1.35258030412059,0.488782913638595,1.80344040549413,0.309466105084791,0.512742860385585,0.280427730613028,0.44573669113065,0.230395470305417,0.514423984517997,0.428686653764997,0.590290877644804,0.590290877644804,0.797600005044243,0.281939470400699,0.587637884936288,1.03223233735519,0.619455841481062,0.753116713334347,0.773665262711977,0.208089277557015,0.780593608348204,1.20355123295528,0.431338323788286,0.930600920984514,0.2016700710514,0.198858447754105,0.572834301854651,0.950904941078721,1.14146327252505,0.940383171329579,0.546211715502137,0.584058364825001,0.733860221131847,0.152181683101832,0.499997817966823,1.12300123409604,0.499452117756218,0.347341937680557,0.593192118253266,0.876777397474093,0.413982362211053,1.2106428647993,1.44351811649954,0.705799888789874,0.344833659951624,1.53307538658002,0.832357110228058,0.630702256837927,1.04468957322007,1.86784899140463,1.39385254978515,1.18364948659003,1.05613432470375,0.453704644599863,2.4816024559587,0.793345429254709,0.824917535636114,1.57446956867092,0.588961393686145,1.10337071222214,0.548746596344863,0.669365679513605,1.01191004422328,1.9751966345888,1.27907050498361,0.855543919249347,0.994832614987249,0.620505766636115,1.15870592014628,1.62327128641954,1.32070130705378,1.44874714014764,1.82671943882245,1.20395423018715,1.74471041611743,0.776088946140094,0.986788146402446,1.59336222205843,1.45065060354345,1.08622602884762,1.15924472782828,1.06996259736763,1.32965521422025,1.20163589381392,2.80030273986962,1.12742022954244,1.68437268145989,1.60862013663355,1.41024037871844,1.30400143300199,1.92096318073367,0.664827607110123,2.11105849549378,1.62816297808088,0.928159529679461,1.47379402520579,1.57123777817729,1.0469472053733,2.0703868338461,2.2141509211979,0.748327417860043,0.916009346910694,0.826701883050968,1.07323919948111,1.22273642795457,1.69674832043627,1.73753394549268,1.19388286048543,0.804022845494819,0.981153956333264,0.964051092337874,1.1036294157889,1.63737775305452,1.66605921116978
NaN,NaN,NaN,NaN,NaN,NaN,NaN,NaN,NaN,NaN,NaN,NaN,NaN,NaN,NaN,NaN,NaN,NaN,NaN,NaN,NaN,0,0,0,0,0,0,0,0,1.83238781177483,2.4431837490331,1.37429085883112,0.999484260968088,0,0.758229439355101,0,1.04707874958562,0.360469733463901,0.366477562354966,1.0994326870649,2.96001108055934,2.7109299133107,0.726897644340428,1.95454699922648,1.65328223618781,1.73594634799721,2.26353788513361,2.9776301941341,3.11505928001721,1.42926249318437,3.0329177574204,1.85053026535676,2.70950235674761,2.0682397083399,2.08513095822653,3.69902586302208,3.28566090387211,2.86242829768375,1.61681277509544,2.35803257279334,1.81156522300466,3.29345474539264,2.5232881342473,2.61340556761328,1.48907361679219,1.34016625511297,1.82041142084819,1.48171521167776,1.97650820146498,2.82091281549546,2.1579389458465,1.89981968324814,1.36615896025816,2.39133900104301,1.47684987814688,3.45010257447143,1.81349721577715,1.82586685870801,1.89362442245111,2.06230719500133,1.99896852193618,2.46026895007529,2.39955546780037,3.77122138854902,1.9328581617677,2.07608608927991,1.87181243260815,2.81523015892466,1.82888420219208,1.88859602685995,1.4399118411764,1.66896802590497,2.90965172380124,1.80627666944442,1.99193609090034,1.80693798105573,3.12789766595958,2.01785216519333,0.934316422707165,1.45486067467549,1.77892291541005,1.44823229650478,1.78434768187811,1.61681277509544,1.14656943031102,1.89843364237526,1.38539175429825,1.76880337666592,1.5911125483027,2.30919350842102,2.46245175967217,0.89220977222544,1.20508387621227,0.927791297101179,0.851860677628976,0.844274247746081,1.03001840336019,3.10513008497803,0.537765988238265,1.36060659707889,1.71288425883299,1.17397049635743,2.70152644152905,2.09009511798952,1.59177123043066,0.944111171717778,0.784712775885348,1.31607964381617,1.29242285691505,1.81274969013173,0.995712622247454,1.06396711651442,0.64200448879702,1.2009187812555,1.66836332734486,1.54748299652342,1.23665001780797,1.78026299437204,1.35048424552853,1.50102187216046,1.11536649412381,0.940250009942972,1.08418631698233,0.646149219468239,1.53712152930874,1.73921555015916,1.48881509706705,0.884888874934541,1.06889289020198,0.988065933538902,0.490733903239267,1.24048820014602,2.00584965282064,0.770405386556424,0.786557566262645,1.15536712735761,0.768322343705918,0.538001788461118,0.934693038949965,1.55263394738172,1.27841010123825,0.777213092475921,0.659981554460626,1.25546962633838,0.790375572267852,1.36623522659882,2.02473791356335,0
NaN,NaN,NaN,NaN,NaN,NaN,NaN,NaN,NaN,NaN,NaN,NaN,NaN,NaN,NaN,NaN,NaN,NaN,NaN,NaN,NaN,0,0,0,0,0,0,0,0,0,0,0,0,0,0,1.74911468533,0,0,1.049468811198,0,0,0,0,0.466430582754668,0,0,0,0,0.524734405599001,0,0.310187825969853,0,0.596854300207395,0.935170227800201,2.71414347723621,1.76546155154804,0.361885796964829,0.372592477348403,0.308667297411177,0.84407679184826,0.357773458362956,0.832177911963174,0.412905761782821,0.258066101114263,0.710701226544923,0.852841471853908,0.823112793096473,0.848627071049598,1.41501412745798,1.65705601768106,0.852360455795332,0.906741052875074,0.838333074033908,0.835121069918835,0.563893689598927,1.58078984113507,1.55797431765477,0.896343468638864,1.1331025725017,1.03749768407407,0.689683775157505,1.05680775393365,1.37430439561643,0.958021321425563,0.767235684426738,1.0228325469544,0.647941454995961,1.09934657235096,1.26417849150046,1.44865326699111,1.80399822934445,1.01561497857871,0.833226655393499,0.897282638241377,1.16299973800306,1.3118360139975,2.54011559398243,1.52959017016713,0.968740441105849,1.26569102858051,1.04390133739854,1.51871182325499,1.9652973992472,2.51343370749102,1.53224878575838,0.950063969902635,1.01725571360065,1.04284755686868,1.49390578106477,1.61645137780789,2.08569511373736,1.97805639806953,1.1818342468446,0.956477903876661,1.01643468396901,0.913360228175736,1.15420195121573,1.86112695581912,1.62553593038821,0.761350062177783,1.02665427182413,1.06725641816746,1.07800421694055,1.09934657235096,2.01413206189516,1.74426949229585,0.956235818859228,1.15963404552266,0.950273585993426,1.14204355381811,1.24748179444291,2.14407606588839,1.74656123323463,0.968740441105849,1.12730665141473,0.875988696744651,0.776186485939971,1.24007255590136,1.68576092507396,1.20657492065878,0.861882598568408,0.803044401666889,0.82469814131122,0.953212989690083,1.19370860041479,1.42300855755661,1.3118360139975,0.717176864144421,0.728797785554169,0.671404266112965,0.756698541979676,0.859437606986536,1.51730430534651,1.28693985606762,0.65070403238032,0.68272366366509,0.733405824797273,0.646081825362622,0.936826568975901,1.56218639834817,1.35977686500738,0.649155965689486,0.55316072039719,0.513606269754324,0.638386557963762,0.812015727304434,1.39156085462719,0.959348220762717
NaN,NaN,NaN,NaN,NaN,NaN,NaN,NaN,NaN,NaN,NaN,NaN,NaN,NaN,NaN,NaN,NaN,NaN,NaN,NaN,NaN,0,0,0,0,0,0,0,0,0,0,0,0,0,0,0,0,2.99738185133273,0,1.1427518308206,0,1.25233077350203,0,0,0,0,0,0,0,0,0,0,0,0.45257498250321,0,0,1.05080628121435,0,0.224068986435413,0,0.259716325186501,0,0.599476370266547,0,0.206366019109816,0.412732038219631,0,0,0,0.902172498016267,0.618748876248043,0.292544468690075,0.270473806111386,0.363740635804967,0.682239898997376,0.191255536539013,0.565485442055557,0,0.587533074972033,0.579341866068747,0.300394785757881,0.383581034121601,0.725556717981336,0.252891138217561,0.318259865850821,0.556873988623239,0.598635196688062,0.532028010469341,0.34959903046137,0.981504639968617,1.24720527238265,1.12757296399756,0.950493016183489,0.613043731538296,0.562832915795548,0.740672482939281,1.74688177959838,0.986992134581898,0.401846797651202,0.612530294577208,0.363740635804967,1.01766396807772,1.14132517435266,1.72853218107318,1.80086035911474,1.37934839596117,0.886140353463474,1.36986023883858,2.38581639649379,1.17342078310634,2.01874140460422,2.63251730660244,0.823604923113949,1.46580825556736,1.25435229210333,2.0280919864393,2.04810918762145,2.1016125624287,3.60215251019538,1.30042882596939,1.07650534787448,2.32424101183852,2.30161496640605,2.30545471203381,2.30858955721334,4.17848314870692,1.59655532931656,4.12485007073367,0,2.93931221117913,1.63866300268615,2.45753081896904,3.73688189932577,1.75807973972401,1.87048893024344,1.94510949926911,2.11294637439865,2.30050696795395,4.31906203774717,3.06558574974629,1.54575126874285,1.44022736367488,1.1973362788259,1.38392029378096,2.491307308898,1.80774300920774,3.6901361203582,1.80480167661872,2.04566685764182,2.50656913386393,2.9034724628575,1.58051208630329,1.73084614650969,3.46996176365965,1.38074942992633,2.36365683105513,1.3690204961578,1.87602510505671,1.36012970299583,2.96592078228248,3.64465700195276,1.34639390965609,1.07080698642048,2.46073803700359,0,2.03632213698396,2.02033472852262,3.16551753689918
NaN,NaN,NaN,NaN,NaN,NaN,NaN,NaN,NaN,NaN,NaN,NaN,NaN,NaN,NaN,NaN,NaN,NaN,NaN,NaN,NaN,0,0,0,0,0,0,0,0,0,0,0,0,0.642244398696499,0.487219888666309,0,0,0.231629127398737,0.706468838566149,0.176617209641537,0.543437568127807,0.193553106456479,0.467086835415636,0.418648200631792,0.106235915573857,0,0.415569905038911,0,0.117744806427691,0.28258753542646,0.139205682476088,0.419684458554148,0.133927741908275,0.279789639036099,0.609024860832887,0.26410050039856,0.0812033147777182,0.418028898559851,0.311677428779183,0.18940183339575,0.200701374592656,0.124487901068925,0.416932429317727,0.289536409248422,0.223263289840318,0.191368534148844,0.338612515216891,0.228507441045655,0.264595070624026,0.604216769826311,0.11953787454588,0.316498039677635,0.104507224639963,0.337306076768983,0.274152086607759,0.177356193782297,0.349592827331702,0.184369091915246,0.199772679286057,0.4656068391057,0.294039604222493,0.0988068305686921,0.25231029948791,0.33222600983747,0.172159508092708,0.5164036180382,0.185043287931264,0.315204331465013,0.189112117398204,1.01852869363831,0.327693594969291,0.241298654538723,0.480772744581878,0.461899156816091,0.484648807459627,0.474249914778202,0.869961627109058,0.64831148478405,0.362291712085204,0.307674871067334,0.26234917082032,0.380103827799969,0.476271127123246,0.979557633306005,0.507544240916584,0.319776339334217,0.433696540638347,0.423435581474979,0.435781489981492,0.494610622099987,0.802298996478907,0.739757946142564,0.381875047873594,0.488864512763073,0.46755806910754,0.506342853579834,0.647476532290768,0.951238830253271,0.95987613935618,0.502467168254729,0.639917426237454,0.718442886677439,0.583388164777686,0.753749488285901,1.21312830864894,1.017628243918,0.568608176826209,0.637513316569821,0.505021409618375,0.629007704576621,0.653150435655496,1.44332343362977,1.25823647160686,0.521700065402695,0.73477577412677,0.589687573925918,0.598702405564533,0.819318346695971,1.04579639094831,0.879913283962628,0.557439180189071,0.572382854952319,0.598702405564533,0.566181615947938,0.920753225619388,0.937967102051102,0.938278926220666,0.482780527493951,0.566919438355551,0.602623837923905,0.630667461037592,0.565689333883722,1.02140073045708,0.928207233152604,0.482959619369545,0.600999345569201,0.82284224125841,0.802932223784731,0.810825021946271,1.48304527179917,1.22047772775547,0.561845615354522,0.599929614009321,0.610813188319835,0.703213221798563,0.927602695420969,1.40513139162328,1.135046887447
NaN,NaN,NaN,NaN,NaN,NaN,NaN,NaN,NaN,NaN,NaN,NaN,NaN,NaN,NaN,NaN,NaN,NaN,NaN,NaN,NaN,0,0,0,0,0,0,0,0,0,0,0,0,0,0.342317734924347,0.275755953133502,0.236362245543001,0.162741218242722,0.330907143760202,0,0,0.40796771148518,0.16408618698853,0.220604762506801,0.0746407091188425,0.174161654610633,0,0.310225447275189,0.248180357820151,0.198544286256121,0.146707600681863,0.147433875932763,0.0940968181308631,0.196578501243684,0,0.185555407716001,0.171158867462173,0.176222739280581,0.0973256305177064,0.0798435467517913,0.112809253554614,0.131196664926952,0.0325482436485444,0.183083870523062,0.201681554887708,0.0448181233083795,0.129767507356942,0,0.0371805779505845,0.0326553102394936,0.0671892677685689,0.0476506287014691,0.132167054460436,0.0658303336392975,0.103717164462153,0.020768230779929,0.0409369662383755,0.0706563296285128,0.102079324553276,0.0503280827011714,0.0761122674585349,0.0555368632884255,0.118181122771501,0.0686529343900834,0.0518392392313632,0.100783901652853,0.130010290345449,0.0962872387275078,0.15185031453623,0.1370320994099,0.0541730658270453,0.0376744376197573,0.0562980017739474,0.124818285575935,0.0174621184042323,0.0689389882833754,0.16861510510074,0.0937793524826483,0.0799995292607081,0.14134224733476,0.111911567186806,0.19338729180791,0.297444623604676,0.166843938030354,0.04601258082413,0.158103161729518,0.0801875146430215,0.172238734133859,0.176640824071282,0.0926694451603832,0.328819401528276,0.0779624160691575,0.156510135562258,0.293208861559673,0.264405223827764,0.254109581385821,0.363930463605925,0.407521113005175,0.364177698975222,0.225939443819199,0.45859413945028,0.29445127199001,0.26992425623944,0.471807469764788,0.284112194137547,0.563733776765995,0.188443703735878,0.383925415412389,0.410019971617089,0.41738493813117,0.683666646070606,0.320232719767937,0.42027622638157,0.397088572512242,0.617806176329789,0.731136897015176,0.451237014218457,0.499619101082143,0.406468617532216,0.463666297244834,0.583483610978134,0.476625443375535,0.627142968913788,0.618793412196281,0.705726135981473,0.252386804562866,0.284373326668923,0.505029126012153,0.727689320768962,0.544371234213279,0.656133478185465,0.80393273324817,0.427160684716267,0.46375307738656,0.710214060534614,0.471935959824808,0.693748753973135,0.603311367076611,0.970567180423121,0.568351964473629,0.049471167671791,1.08921570884249,1.10463878151283,0.88259898865894,0.704511983489462,0.791384024936473,1.6088303122043,0.824976258681944
NaN,NaN,NaN,NaN,NaN,NaN,NaN,NaN,NaN,NaN,NaN,NaN,NaN,NaN,NaN,NaN,NaN,NaN,NaN,NaN,NaN,0,0,0,0,0,0,0,0,0,0,0,0,0,0,0,0,1.7145234524358,2.6146482649646,0.653662066241151,0,0,0,0,0.393180190220241,0.458710221923614,0.769014195577824,2.72359194267146,1.3073241324823,0.26146482649646,0.77280244284668,1.81213246086656,0,0.517752131676159,1.80320569997559,0,0,0.928277490519977,0.769014195577824,0.560782469697502,0.742797802546762,1.15182742949982,1.02871407146148,1.50020802088133,0.82629967741545,1.06238529953415,0.91142423179594,0.422854166840637,2.15439182880978,1.37613066577084,0.884821747872962,1.08769367822527,0.850921032976646,0.554832523069412,0.546344413574693,0.984595580949013,1.61730820513274,0.99251179690234,1.41150677543076,1.06044036094889,0.630035726497495,0.804507158450647,1.45258236942478,1.22957179818529,1.04676954036877,1.11487540231993,0.831600009436824,1.72450128048102,0.999865493294303,2.4061180352435,1.284138302029,1.09150401952982,1.18622983665691,1.18349544264953,1.01182518609008,1.39205810403208,2.33153348468181,1.69369928094873,1.37915512877254,1.48907941388269,1.35240427498169,2.08589750266193,1.69739962269862,2.85633844071763,2.36318151410474,1.44649442990498,1.39391587631392,1.19597475842229,2.04705558111108,1.76954024933427,2.22698748120013,2.1902812690803,1.76665423308419,2.07406697811538,1.8570544577634,1.96321712727718,1.59754476474416,2.66187508091634,4.19196325089433,1.41332338646735,1.79993902298288,1.19653395176346,0.895247140068444,0,5.37015300211585,3.83868027820288,1.07206534782148,2.16683557869995,1.45373612825673,1.29331323905916,1.13465868102237,2.15544480624322,2.59556324113274,1.68946503274636,1.42657705846321,0.770272811282534,1.49063152239893,1.60197267875293,1.23526689683367,1.87878917242965,1.76836114538669,0.588442970359625,1.57120619928535,1.76948591395645,1.73483771135092,1.47720240958452,2.31505315127074,0.952946975841313,1.12978628733038,1.3142938727164,1.43637329577455,0.618570108180889,2.25012759463391,1.98484247851327,1.08077670729856,1.17757303009248,1.04411910747339,1.27946481789902,1.16700560179079,1.19754882364791,1.99790398984006,1.03969813187105,0.6890727491854,0.895719634000924,1.49408472283692,1.34870484945419,1.44455705246663,2.10040996354497
NaN,NaN,NaN,NaN,NaN,NaN,NaN,NaN,NaN,NaN,NaN,NaN,NaN,NaN,NaN,NaN,NaN,NaN,NaN,NaN,NaN,0,0,8.11459866003226,0,1.73884257000691,0,1.35243311000538,1.87259969077668,2.02864966500806,0.676216555002688,0.760743624378024,1.65980427137023,2.21307236182698,0.419720620346496,1.69054138750672,1.44903547500576,2.59401104705949,1.21718979900484,1.67363597363165,1.40444976808251,1.1671683004156,1.81069556876753,1.53275752467276,1.46428848000582,2.66927587501061,1.43198799882922,1.90185906094506,1.82578469850726,2.19094163820871,2.45836363345805,2.1692491467413,2.30746881327932,2.77181835416944,1.57395232629936,2.27512111963521,2.72818403225223,2.08866888586629,1.19332333235769,1.30529737158696,1.5560665044096,1.60862087974208,1.27705159239852,1.52148724875605,1.53865979106706,1.64856406185757,1.77672585039922,1.64041751887445,2.18820638023342,1.84180035375732,1.19453482812658,1.59695301629435,3.40308982266146,1.75959798529877,2.7250517888168,1.55331752592668,1.40541502565507,2.28132844890587,1.90870379792533,3.03911774909953,2.54636639222261,2.99615950524268,2.4392097162597,2.30643156934527,2.40471787967013,1.95244658114482,1.99259321633159,2.89244908589899,2.88588021178968,1.64283285755254,1.85982615946169,2.95636232016356,2.80712959316806,2.56089387720213,2.38727638679049,2.78939328938609,1.73145894975211,1.93830494308463,1.99743967016179,3.30292709277695,2.55868147403537,1.64851308585071,2.52251568832463,1.73884257000691,1.04370851826603,1.49980637429766,2.06469998215683,2.15983994302909,0.779694533170359,2.48551009131677,1.53588618170958,0.892181004506165,2.1839967114276,1.75645110236141,2.69176759424799,1.90056086363384,2.83845686325976,1.01932150655578,0.959198482911422,1.90456440811568,1.56558832843014,1.59885100716737,1.67930516076196,2.38479475653712,0.614742322729717,0.488898949738786,2.14417641130693,1.32254508547487,1.29549986550158,1.6858028543513,1.42388240638302,0.937977802100503,0.550845018527737,1.71342871706066,0.923528491998556,1.44429231469478,1.54727516822649,1.67796405552089,0.172515089622733,0.860050277141144,1.47003598913628,1.21445043711661,0.862723124102043,0.75871136180177,0,3.3524295311574,0.744894798870149,1.21996244091601,1.40878448958893,0.852867185898288,1.24330975177318,1.70561627886028,0.565647583014297,0.728536959988298,1.51906835010938,1.6750318334929,1.51895565599606,1.23928558856846,1.02187028821873,0.371661007329722,0.647011188839781,0.994904769436945,1.24748588477802,0.853819924261143,0.975995507036138,0.599319713460765,0.224160183978792,0.472040365265034
NaN,NaN,NaN,NaN,NaN,NaN,NaN,NaN,NaN,NaN,NaN,NaN,NaN,NaN,NaN,NaN,NaN,NaN,NaN,NaN,NaN,4.57646945170838,4.57646945170838,1.52548981723612,4.57646945170838,3.92268810146432,4.57646945170838,4.067972845963,3.52036111669875,3.05097963447225,2.54248302872687,2.86029340731773,3.32834141942427,2.91229874199624,2.3671393715733,2.92385548303591,3.05097963447225,1.80057814493444,2.36450921671599,2.34544059400054,1.32013541876203,1.81804950821292,2.53407812615257,1.93228710183243,2.33984904297872,1.76635663048393,1.34602042697305,1.33480359008161,0.762744908618062,1.99076421149314,1.87116731276746,1.69918420236697,1.62670715108118,1.42731472998826,0.946855748629319,0.940956335865273,1.47288672009005,1.11026773680499,2.36675258409428,2.04898230143512,2.01520671879204,0.665301726459808,1.87560223430671,2.10067450242352,2.0454649016665,1.32232074451167,1.35599094865433,0.925162288081208,0.702753736030125,0.406462747355678,1.52548981723612,1.42053611781028,1.08995796113173,1.27461350777024,1.31146587272837,0.966994591260556,0.320824662593989,1.11833061334748,0.994117400178297,1.14266727754949,0.932336602429088,1.19692277967757,0.853547873929737,0.259523163928137,1.29049269134335,1.00357096605991,0.834809675475335,0.954355899240835,1.19005706583621,0.828256741260105,0.355878252042807,0.881426279598482,1.25009420750824,1.02807528336785,1.1873865332049,1.36128778829751,0.806469139048397,0.321155750997079,1.09634103348618,1.08087469462459,0.864916308844089,1.19293869752324,1.234104121809,0.836455551047539,0.228028025983152,1.2812580024062,1.25686560063073,1.02140445964785,1.21062003289557,1.13744223245494,0.815679886503228,0.437280458082083,1.25406257498015,1.50231782001229,1.20044598208654,1.5072672426275,1.22101323456985,0.706384447390127,0.286029340731773,1.41265131012904,1.17728018504092,1.57849412444518,0.954007227093287,1.31834280034664,0.577837051983381,0.380316020917593,1.26834574781591,1.12515409171836,1.16683613502652,1.29408822913106,1.30386205133578,0.672527768889044,0.374134728898787,1.20044314079427,1.2211721554857,1.23587145586233,1.14235447022613,1.30184032543127,1.05222762196759,0.323367302575801,1.53654409127407,1.0848944836758,1.40326258996913,1.38149879263503,1.46403643597306,0.549434891801147,0.333700897520402,1.33089430524245,1.27477274079222,1.26175319232173,1.22562958706696,1.2950700632223,0.701042652671335,0.467668411123484,1.3933130365694,1.25957874817662,1.2221686306143,1.03665882607759,1.16235515298438,0.707431346542707,0.364901218740867,1.13569234552704,1.36356007821765,1.26543486470566,1.21054998400028,1.50760599757333,0.825955812647184,0.234528212899183
NaN,NaN,NaN,NaN,NaN,NaN,NaN,NaN,NaN,NaN,NaN,NaN,NaN,NaN,NaN,NaN,NaN,NaN,NaN,NaN,NaN,0,0,0,0,0,0,0,0,0,0,2.29740155792085,0,0,0.633765947012648,0,0,0.301298564973226,0.30632020772278,0.45948031158417,1.06033918057885,1.007080134979,0.151894317879064,0.272284629086915,0.967326971756147,0.322442323918716,0.270282536225982,0.76580051930695,0.30632020772278,0.551376373901004,0.181075984860757,0.181972400627394,0.0871052723382313,0.454931001568485,0.475324460259486,0.171768340779129,0.211255315670883,0.54376368234813,0.0900941787419941,0.246370140259608,0.208854687083714,0.323862774684877,0.12051942598929,0.0753246412433065,0.207440321256962,0.165952257005569,0.160167428874656,0.04953965623549,0.206508005206368,0.0604579357347592,0.155492491229837,0.0588134798827737,0.0815645523522195,0.0487512266932806,0.0274316603930848,0.07690047055802,0.0757905668592445,0.0436043000317124,0.0944946656214231,0.0465886247487118,0.0402611444980653,0.0514103845129141,0.036466691395569,0.0762622923791153,0.0479874999043519,0.130613692633063,0.0687716088432808,0.0891329411414491,0.0702837952710011,0.0845669285124239,0.100295838817827,0.0697503319292857,0.0521149691777886,0.10784114605496,0.0646586190443863,0.170177893179322,0.039021682512456,0.19842604548844,0.121181620637583,0.0923578515747075,0.121878066733202,0.2216417087419,0.137672003470912,0.19305895444713,0.127781314924914,0.154058780078515,0.326609591433012,0.0869678823187703,0.305230100221987,0.386027799697319,0.405850117487595,0.192452486527401,0.413946226652405,0.341217446577274,0.311512075650285,0.203864984661918,0.168444920743687,0.422510631341765,0.449491609158427,0.379087597039571,0.382900259653475,0.280360868085256,0.462719347013263,0.196092470511188,0.742594442964315,0.356383621173317,0.502393051390436,0.236932757354636,0.627725286675752,0.333341033960486,0.606860788884753,1.05400501582032,0.670774177495138,0.438273527972593,0.689416324286564,0.541449794338138,0.665503070707426,0.764124807010873,0.839365608563208,0.968485447171424,0.843490427062727,0.744544240826562,0.651343430905141,0.752843965551979,0.348421089352925,0.493227453112951,0.717937986850265,0.809411027240147,1.00688586797766,0.825874741308942,0.83613584597291,0.919796802079321,0.569407615044066,0.858590947193777,0.584394672921043,1.08834369049128,0.718654730264758,0.855859143913686,1.07423664769944,1.05224498836069,1.3738613967633,1.05565432411091,0.484371631538217,0.899472061828718,2.04966332540773,0,0,1.34916656587042
NaN,NaN,NaN,NaN,NaN,NaN,NaN,NaN,NaN,NaN,NaN,NaN,NaN,NaN,NaN,NaN,NaN,NaN,NaN,NaN,NaN,0,0,0,0,0,0,0,0,0,1.62947463034186,0,0,0,1.01139804641908,0,0,1.44248573833541,0,1.83315895913459,0,0.4017882650158,0.969604738715816,0.434526568091162,0.220530401098898,0,1.29399455938912,0.916579479567295,0.488842389102557,0.293305433461534,0.144485435202726,0.145200709634423,0.139007314436746,0.145200709634423,0.758548534814313,0,0.337132682139695,0.34710702184797,0.215665759898187,0,0,0.129209442053539,0.0961657158890277,0,0.132417802917171,0.132417802917171,0.127801931791518,0.158116136636946,0,0.289446151442304,0.148886006833266,0.0469288693538455,0.173553510923985,0,0.0437769303673932,0.0613609693434172,0.241901388421884,0.139172210420657,0,0.185871630837474,0.0321254582104638,0.0820434778913383,0.116391045024418,0.0811356662410884,0.153162106246232,0.0893316040999597,0.109749460603006,0.0568972712825479,0.0841220172451819,0.0899709918593664,0.160057535313252,0.333934079842354,0.138613153809799,0.122927675382035,0.0773892964278455,0.0678947762642441,0.435910410664701,0.118747139053253,0.0429751550859391,0.0982597767040316,0.0777998497245449,0.0816248887184233,0.256321851963888,0.308093942711696,0.203920347713697,0.0491710701528138,0.118459383465886,0.0462626866658572,0.173965263025821,0.068449342698141,0.0925253733317143,0.153563054168343,0.286259056681678,0.0990060534891255,0.142036529521324,0.30031273050669,0.0896045112407946,0.433456305608179,0.398512817203172,0.146026887214135,0.42508033835005,0.248563926662317,0.265835740297463,0.170691813847644,0.395024152810147,0.487488255060722,0.378602305910864,0.162047200807478,0.349450476721447,0.338522346946536,0.193692267380259,0.525636977529631,0.556638048905102,0.315867389881652,0.300056709423565,0.360031219469969,0.271160647267983,0.834348060175043,0.554277984494238,0.702527984339005,0.401464763997269,0.770119292659693,0.429337691507639,1.51484551565174,0.556029257746985,0.952828385538883,0.343717304837736,0.979911850592825,0.611052986378197,1.04991282351044,0.80564582581709,0.96078212962832,1.36303729835825,0.727911294722056,0.839347822306458,1.02742520478603,1.00045946521821,1.36582640680588,1.62081642295428,1.17546070662065,1.02315848881931,0.842335191826203,1.52450115488792,1.22011232516625,1.16240863030838,0.65331808156731,1.40440907366481,4.10302614676108
NaN,NaN,NaN,NaN,NaN,NaN,NaN,NaN,NaN,NaN,NaN,NaN,NaN,NaN,NaN,NaN,NaN,NaN,NaN,NaN,NaN,0,0,0,0,0,0,0,0,1.53923640143858,0,1.15442730107893,0,0,1.27385081498365,0,0.439781828982451,0,0.307847280287716,0.230885460215787,0,0.253025161880314,0,0.273642026922414,0.555513889240991,0.162024884361956,0.271629953195044,0,0.153923640143858,0.0923541840863148,0.0909893439274037,0.182879572448148,0.262618532946867,0,0.318462703745913,0.17262464315199,0,0.10929489240984,0.0452716588658406,0.247598348756876,0.0524739682308607,0.244107975558541,0.423920844986363,0.151400301780844,0.0833897824707131,0.291864238647496,0.160965898189655,0.14935986644687,0.138358328219198,0.546833984721601,0.218774716955737,0.206873372353345,0.02732372310246,0.0979885242295117,0.0551368263201879,0.11592575408324,0.190420998116113,0.13146503072785,0.213672919479906,0.140462637393635,0.12138556506416,0.155000029235773,0.219890914491226,0.178832444980416,0.144680183947229,0.0187521185962061,0.0863930627561411,0.107492745784266,0.0706341752094186,0.113318017283822,0.428382299991092,0.105147078656146,0.104749547167843,0.0619307185826084,0.0487357171959445,0.0427565667066272,0.235297284296343,0.199415242291638,0.175912731592981,0.201106263504538,0.0857399587008228,0.188477926706765,0.161418049589065,0.11641283708359,0.107015277040921,0.170309476102173,0.208878606980357,0.101968342051136,0.306751738364984,0.150870312393046,0.174802872087662,0.241764879807107,0.194137924505767,0.202633652847611,0.283249313581918,0.267921694448354,0.131665842892913,0.121319125236538,0.602309896215096,0.249605902935986,0.384809100359645,0,0.744041765045839,0.250816406829953,0.155478424387735,0.588406158998682,0.448797857367057,0.374179014714351,0.3961180254695,0.411139813739571,0.435632943803372,0.39722229714544,0.862871208981627,0.483083424451493,0.503893246506747,0.680186298508047,0.697281204966013,0.485011032400778,0.552670707918104,0.729985167628357,0.966670203802007,0.568120262196385,0.569209146911031,0.542776148681814,1.20366827600647,0.600041309035379,0.793668769491768,0.897595714734115,0.684105067306035,0.829991905726211,0.60248223094935,1.00841693269861,0.540454777785663,1.07858901122703,1.01310631191665,1.07836411777182,1.15250645698396,0.743498561705139,1.39365506272654,0.951741591729198,1.28866303376253,1.12892448883124,0.865397918231939,1.0244836081353,0.868214449475033,1.38585411055666,0.476227836909174,1.4582239592576
NaN,NaN,NaN,NaN,NaN,NaN,NaN,NaN,NaN,NaN,NaN,NaN,NaN,NaN,NaN,NaN,NaN,NaN,NaN,NaN,NaN,0,0,0,0,0,0,0,0,0,0,0,0,0,0,2.10055759147001,0,0,0,0,0,0,0.624959283412566,0,0,0,0,0,1.26033455488201,0,0,0.374356798479805,0,0,0,0,0.434598122373106,0,0.185343316894413,0,0,0,0.495869333068331,0,0,0,0,0,0.283221248288092,0,0,0,0,0.100291874393794,0,0,0,0.0897035270378654,0.0971980376515688,0.0958429319301908,0,0.105762340269819,0,0.10459207924332,0,0.0767716480131173,0,0,0,0,0,0.0717458000881599,0,0,0.0665084197826917,0.0875232329779173,0,0,0,0,0.0501459371968969,0,0,0.158865700195211,0,0.126772964447478,0.0610824501558324,0.178911845330254,0,0.26471437558782,0.238549127107005,0.296937460574295,0,0.191443223526381,0.0610331503574822,0.193566740510889,0.154012369232017,0.248341784213204,0.82195731840131,0.0537838359124612,0.342482216000546,0.256339231501425,0.228459435930273,0.293385347402213,0.381919562085457,0.104736943619003,0.516765876716997,0.417790460181881,0.961017611347679,0.4363895408495,0.214019075357322,0.677599223054843,0.662365605485435,0.349015722890402,0.128934481317853,0.618822203706387,0.407812413752268,0.661882479587926,0.714520377570902,0.905629620274497,0.365314363733915,0.453833898232081,0.699106995003888,0.875388203747076,0.537583459428345,0.640848078753564,1.96927274200314,0.516765876716997,0.525139397867504,0.863900304184164,0.714009275727146,0.894504961608705,1.82217044079327,0.993548408228153,0.841558844277335,0.946039282230031,1.19532561777495,0.775896568909208,1.20542093453115,2.45332298851078,1.3817621365816,0.55684884604507,0.885740243548117,1.41864737825218,0.766655120942051,1.50708235167602,1.94968881418211,0
NaN,NaN,NaN,NaN,NaN,NaN,NaN,NaN,NaN,NaN,NaN,NaN,NaN,NaN,NaN,NaN,NaN,NaN,NaN,NaN,NaN,0,0,0,0,0,0,0,0,0,0,0,0,0,0,0,0,0,1.00516179045321,0,0,0,0,0,0.453456446820997,0,0.886907462164597,0,0.502580895226605,0,0,0.298562908055409,0,0,0,0.563642125487781,0,0,0.147817910360766,0.161688223665396,0.171334396099979,0,0.197736745662926,0.123585466039329,0,0,0,0.16255985829432,0,0.198387195484186,0,0,0.08921554353135,0.0799863493729344,0.0900144886973023,0.252341872080304,0.124349912221016,0.0715417644450683,0.0775189041480624,0.229314476909477,0.132113269281911,0.0843492411569127,0,0.25024774866055,0.104977732684408,0,0.11283387731935,0.175488964385623,0,0.277498653806101,0.164555818355232,0.0572198362686837,0.228014016737968,0.353870873420241,0.159128515639031,0.0698029021148062,0.640230439779114,0.325558474640716,0.353463486752777,0.202042570945369,0.199965873432336,0.391621476799952,0.752930180114764,1.52041279228217,0.908489219644848,0.707741746840483,0.633300643419631,0.475628607469973,1.28775176001123,1.26671497513357,1.33176010091592,0.789394076272154,1.22249406947012,1.11967389316307,1.11955066249026,1.38938745779369,1.16688843290902,2.87189082986631,1.96662089436498,1.24394133384679,1.20182387988971,1.58440756800252,1.70057583883322,1.69639332239436,3.04594481955518,2.25534916971496,1.78593666640889,1.99921682079091,1.96401747777196,1.74018117061149,2.56031776813553,3.78286695331853,3.16956126624662,1.80929122281578,1.28537313357188,1.97413117601285,3.02013172786403,0.197953087835424,4.55884402599251,2.02236144666035,0,4.16241041508006,1.76561547167436,3.00742975594193,1.50059698574768,3.0665952929081,2.98407406540797,2.10648940140536,1.95448125921457,1.10238612205074,3.00254337405766,1.31704547611704,3.73691818825978,4.22608168832882,1.7258739804284,2.61560032211344,2.10732754737279,2.28481922376104,2.1790967614501,2.99246639905917,2.50455595627876,3.10874780552539,0.706409457419532,1.86930577669928,2.77924919019321,1.69687336254704,2.44348722541112,4.76129269162047
NaN,NaN,NaN,NaN,NaN,NaN,NaN,NaN,NaN,NaN,NaN,NaN,NaN,NaN,NaN,NaN,NaN,NaN,NaN,NaN,NaN,0,0,0,0,0,0,0,0,0,1.66347269997748,0,0,0,0,0,0,0,0.499041809993245,0,0.575817473069129,0.820342701358759,0,0.443592719993996,0,0.262653584206971,0.880662017635139,1.24760452498311,0.249520904996623,0,0,0.148230240592053,0,0.296460481184106,0,0.279836528968175,0,0.354349214196387,0.14677700293919,0.0802748219828277,0.0850639448852123,0,0.0981721593429335,0.0613575995893334,0,0.135180625731805,0,0.0807075703493119,0,0,0.405313145172179,0.335356096315461,-0.0442936517745484,0.198557749334182,0,0,0,0.106556970105319,0.346378634185543,0.227699685168021,0,0.0837552688100552,0.0594097392849101,0.124242774272177,0,0.151992429439567,0.196068812158244,0.290422003875797,0,0,0.0408492613909887,0.227267617454229,0.113204191302816,0.175689488849257,0.10533864063182,0.173278406247655,0,0.121224731172448,0.614205304607071,0.100309911556431,0.0992788746670912,0.0833279460100038,0.18690704494129,0.0629044298310813,0,0.276083482477403,0.120930971726958,0.118069828862755,0.426227880421277,0.17469374912249,0.23613965772551,0.862218834019743,0.247272968915572,0.151607638478961,0.483333472148422,0.357675017401302,0.182948117716465,0.54083348866263,0.732289612490088,0.660183333276982,0.542436749992658,0.228375065590129,1.23629693110109,0.261379803488218,0.100816527271363,1.28562017532886,0.545649359445917,0.827141121535766,1.21292131737834,0.740540196197726,0.536705342822924,0,1.4424858157469,1.65835432243909,0.561581576462987,1.15163494613826,0.922727537737896,0.393118274830565,0.188614227399022,1.03991946034521,0.723248999990211,1.10066235662426,1.3610231181634,0.879877812810887,1.24169170732916,0.845833576259738,1.52051801482317,0.750267869238136,1.36312346248155,1.32266983912909,1.49069999894978,0.735621230381308,0.773042390695216,2.71012486594872,1.04727375070125,1.32356376628734,1.29534978966633,1.67791484654398,0.44547834260821,0.571421919839594,0.746075795670965,2.2269465158756,1.5563090121312,0.87922537486575,1.37983910597211,1.50941133620466,0.165428224307153,2.15652416506776
NaN,NaN,NaN,NaN,NaN,NaN,NaN,NaN,NaN,NaN,NaN,NaN,NaN,NaN,NaN,NaN,NaN,NaN,NaN,NaN,NaN,0,0,0,0,0,0,0,0,0,0,0,0,3.16792472359158,2.40325323858672,1.93595399775041,1.65938914092892,1.14253022818057,1.16157239865025,0.871179298987685,0,2.86415111995951,1.15197262676058,0,0.524017623451239,0.611353894026446,0,0,0.580786199325124,0.696943439190148,0,1.03506451364874,1.32121978993393,0,0,0,0,0.412392567568135,0.170819470389742,0,0.197995295224474,0,0.228506045636114,0,0,0.314647150875913,0.151839529235326,0.187855374444784,0.261027505314662,0,0.117926131842665,0.111510950270424,0,0.18486563373744,0.208042817668701,0.437412200328545,0.287399356367071,0.165348384149501,0.179162837838084,0.264997505395494,0.305342142032924,0.097474606879741,0.414847285232231,0.674772347763629,0.36393913273637,0.424534074633593,0.391174989255462,0.405592690120358,0.333146959459918,0.962038489679653,0.950809603260775,0.661236659573196,0.592863039008633,0.525774597880246,0.735560357984325,0.645317999250137,1.18376804957987,0.282163335704513,0.204232509652791,0.817186612115752,0.2310820421718,0.387909149827541,0.522055010629325,0.87850013343296,0.9690986408206,0.584193997644718,1.12591831856244,0.989351885285699,0.661393536598005,0.894559840267401,1.20920785979363,1.36834444867176,1.51736934958816,0.999834469724263,0.78750671094932,1.01092478380824,0.638746532862661,2.05993134736004,2.46202845366085,1.28880010092062,1.26257869418505,0.826882046496786,1.61426979872844,0.337993908433632,1.29063599850027,1.06182518436172,1.48173244474747,2.11778393124078,0.608925959578366,0.689474136049611,1.84098266955888,3.49720722174268,2.7470763296546,2.19805238513816,2.02012591069608,1.25472632260092,1.77189009963597,1.14378026125298,3.40240104171568,2.33705584399092,1.6834382589134,2.14363698475589,1.93297101778469,1.42739974188543,1.23864355306306,0.98438338868665,2.45019177840287,2.43427473065655,0.967976998875206,2.22936972170497,1.55541025055312,1.96590051090943,3.95854276992683,3.15405060071454,2.88084728441079,1.62755765615714,1.44954958234224,1.37518437093557,1.5553466761948,4.3891476132204,2.66274071451386,1.3343541545614,1.68368473596449,2.61495907037087,1.99126696911471,2.451149258582,2.43866028445908,3.37853467751457
