NaN,NaN,NaN,NaN,NaN,NaN,NaN,NaN,NaN,NaN,NaN,NaN,NaN,NaN,NaN,NaN,NaN,NaN,NaN,NaN,NaN,0,0,0,0,0,0,0,0,0,0,0,0,0,0.712316412465826,0.585368933016471,0.484608706841505,0.387686965473204,0.323957601285828,0.265718032515342,0.237916548228022,0.207446534156714,0.171120874774714,0.143153177323641,0.246599633929775,0.220399859215894,0.207264722996191,0.191179506013463,0.174273433263563,0.15188763579875,0.134368777806054,0.180802025182457,0.16324600709065,0.199148672790446,0.189874788389124,0.18205469510289,0.213283774295323,0.201027753263052,0.176537062510193,0.190614494039754,0.203169286029772,0.27492333054947,0.256718463893459,0.255337606824224,0.32033011866352,0.316373309616929,0.330548445480337,0.399357424786274,0.400998811256726,0.400503063505376,0.430141897843764,0.453887322029522,0.471804961216985,0.459911883345344,0.453213564853923,0.45499011652627,0.4766288722177,0.47286461037082,0.445164236387799,0.470624973012247,0.489298572855789,0.519739596660949,0.540062634904963,0.579869750721073,0.575717503225672,0.558371750996351,0.593337488642788,0.592368240169605,0.612390016391472,0.625960863664899,0.606510702025798,0.63814809910812,0.630281684394126,0.624306468661255,0.611638700344337,0.617902934484649,0.62812496398049,0.624447967006212,0.646206532860683,0.65154481294514,0.671234462239926,0.714438025472064,0.747760347784063,0.760675150569173,0.774741488914641,0.781432481720791,0.792770390551184,0.843123860350259,0.834634058493403,0.853840859530335,0.882218623130429,0.888372530523119,0.898743584780704,0.913915972625669,0.922359574344645,0.941276295197421,0.965309590977142,0.972371111710139,0.992936817392348,0.993369451181269,0.997150563127493,1.00154516962321,1.00278637484677,0.995042185303213,0.995045086698405,1.01106904206351,1.02439563277882,1.01583308087418,1.00857134990011,0.99485921929205,1.00602390015823,1.01012361594133,1.00498750481904,1.01902962703392,1.01536926892165,1.00429752714474,1.01429920771753,1.01952028504157,1.02856931043337,1.04757233098254,1.05552724745751,1.04473701931765,1.04094174565016,1.03959890018658,1.02847399246809,1.01932373000023,1.04490095802183,1.05266484563635,1.08040537551984,1.10005348376629,1.10858134180661,1.10680023135059,1.10484799657968,1.11777585145602,1.11526387327908,1.12009958476467,1.11701456513157,1.11195351282518,1.11214410378543,1.109723223922,1.10766535923585,1.10431898093097,1.1131007645981,1.10526807519559,1.10628454226537,1.10395849350106,1.10154097341173,1.09489966550638
NaN,NaN,NaN,NaN,NaN,NaN,NaN,NaN,NaN,NaN,NaN,NaN,NaN,NaN,NaN,NaN,NaN,NaN,NaN,NaN,NaN,0,0,0,0,0,0,0,0,0,0,0,0,0,0,0,0,0,0,0,0,0.41803439784867,0.689666010922552,0.576948200420682,0.496933486493726,0.444137198087124,0.417668022390433,0.385254012568701,0.526778791688449,0.459112922492759,0.541544560849413,0.607236510636447,0.548273370395172,0.601969532902085,0.57393723028601,0.733732430404132,0.687675632824652,0.648159419989777,0.711494794785733,0.704211626682203,0.6433666358643,0.609410759012127,0.724254123932346,0.74842436363955,0.774613133813862,0.757075673695835,0.703108018124102,0.769772591633234,0.841739461543528,0.903919386216606,0.866797365333481,0.97008098605106,0.925058324582628,0.903024340022159,0.891014702341748,0.874224955500977,0.919603971253721,0.971947528230091,0.932952304211624,0.931441248937868,0.906489860915924,0.895559740072033,0.911821726945562,0.943263435972863,0.962399651127761,0.950167905703572,0.923380829111281,0.900910654657562,0.933588191367509,0.959081411523133,0.979784733236666,1.0152312413262,1.04760701756411,1.08087421551948,1.14753663364923,1.17094768002046,1.20085067601436,1.27418017439127,1.24920201816374,1.24730807109039,1.26199294297139,1.28423468320458,1.32840186835087,1.35022936222734,1.34455638834166,1.37708890039249,1.41804607285498,1.42067807990769,1.44325790200383,1.4254902629949,1.42113982762398,1.42892273806385,1.41851793496955,1.43354464006298,1.42631809001927,1.41654068117457,1.41255575273057,1.40968826110005,1.41267917321394,1.44723380398424,1.43970256339987,1.44778576710263,1.45613428455305,1.46321912520484,1.4564213320716,1.47103784600805,1.45457680747284,1.44819893075141,1.4495339549781,1.45563074698403,1.4464730049454,1.43404947433403,1.42997524970457,1.42000452709696,1.41304290779719,1.41219528153671,1.40648580280059,1.39518104022076,1.40601305472144,1.40298823651525,1.39877623536934,1.40563064110957,1.38500428107958,1.38033965936651,1.38067427786991,1.37737338354723,1.37903588417332,1.36846718314151,1.34996100704756,1.34023796291477,1.33869648104915,1.32995574179206,1.32929151476794,1.33791765722255,1.33774762392624,1.34637653258521,1.35734001518811,1.36449045808016,1.36095815716995,1.35844647518923,1.35484685955005,1.3505806963037,1.33654923558729,1.33202028395469,1.32709066779726,1.32294727199747,1.32055854622399,1.31354356149059
NaN,NaN,NaN,NaN,NaN,NaN,NaN,NaN,NaN,NaN,NaN,NaN,NaN,NaN,NaN,NaN,NaN,NaN,NaN,NaN,NaN,0,0,0,0,0,0,0,1.07880583456773,0.859387698723447,0.658491873047836,0.545202948652509,0.440903254127681,0.370101271713017,0.6108900508998,0.75302783502005,0.623408289647746,0.498726631718197,0.972403067322695,1.36729548471056,1.53029801482948,1.69012914082278,1.68768322310813,1.8415450686931,2.11486440978867,2.36271548111292,2.35521939869257,2.54134211958801,2.65289246127673,2.9308597817736,3.05375606125934,3.20452619972515,3.38336942594528,3.43718894744169,3.70457852625145,3.61055301445975,3.53024809717312,3.5687527931008,3.54276099390144,3.47380116262608,3.57192241101721,3.58381254692019,3.52263129654769,3.49372984940398,3.47976742015165,3.60353621162047,3.74825968798715,3.73019691432693,3.92620080191133,4.01866500764663,4.127799093304,4.42929039696838,4.40713066160841,4.41958572577773,4.55988847379129,4.55540847620421,4.50072983040714,4.45275964958029,4.4286193886479,4.45055328127107,4.50422856524418,4.44119168422344,4.42195866433018,4.2929779476497,4.1827750619123,4.15282793770558,4.0808960773046,3.99946907136427,3.98232635207601,3.89978609996908,3.82804578186355,3.8104031433255,3.73048891755024,3.70263651151806,3.63746757512265,3.59187536468462,3.54290019099841,3.48770172443601,3.38638018683584,3.31848296728726,3.23881660373032,3.16278953337528,3.13893180422403,3.12301442665036,3.07941321542149,3.04202220572596,3.00856907374766,2.96138659931958,2.93691929156447,2.92075738371295,2.90964064311498,2.88228404735018,2.84027237979312,2.79969365674221,2.75484070319318,2.70872116058409,2.68194145100621,2.65673142469746,2.63252110125628,2.5768785106715,2.54670557221559,2.51151320409196,2.47430714619099,2.45895028518383,2.44419486159193,2.42095283172836,2.39391619173604,2.36786876081302,2.33539578722893,2.31068800136797,2.29706419791377,2.28591995450218,2.2690201890564,2.23556579557698,2.20823760127757,2.18248636673992,2.1588943983785,2.14194818028532,2.13434550548948,2.11619072486423,2.09172596166025,2.06557678211791,2.04060297680708,2.02617947648941,2.01156868833567,2.00641508876232,1.98534324435384,1.96760561598302,1.94542402460453,1.92113003606671,1.89849472295097,1.88082920704948,1.87235973898098,1.86179461174437,1.8423280596348,1.82347218264464,1.80283398365063,1.78694958336495,1.77441095462226,1.76723131315104,1.75868282557897,1.73964495197477,1.7246357202522,1.7124656492918,1.69893277853918,1.69410757418665,1.68251549523553,1.68303360905882
NaN,NaN,NaN,NaN,NaN,NaN,NaN,NaN,NaN,NaN,NaN,NaN,NaN,NaN,NaN,NaN,NaN,NaN,NaN,NaN,NaN,0,0,0,0,0,0,0,0,0,0,0,0,0,0,0,0,0,0.950450009071574,0.779582591710392,0.698016606259808,0.60862149703706,0.50204667628238,0.419993042749545,0.723491664882428,0.969937334513861,0.912132129652387,0.841344187496664,0.766943817194822,0.668428233740124,0.591331113598507,0.530449928610282,0.478942825556085,0.438207477866683,0.417801188251053,0.40059382599437,0.37544832609429,0.353873770803595,0.310762245426507,0.27961922620456,0.34061291439482,0.322635901707626,0.301271605133412,0.408615139353503,0.375922976316913,0.406086918591617,0.431016310993787,0.45847698675479,0.539219554390613,0.517010809703613,0.478682487007322,0.524588262538632,0.523757095476733,0.553568171235463,0.583757741385457,0.651919402195401,0.714060212647254,0.776901471063863,0.757511734509646,0.91228339534553,0.926154317055661,1.08286395797204,1.09200264898576,1.22982896299365,1.22842271837512,1.16493584195981,1.2409492368045,1.36083383074925,1.26548320280122,1.27491784915494,1.26471495484344,1.43585675368182,1.37675098582736,1.39307452528728,1.36132162757647,1.39265134911719,1.37031543515137,1.38267936752142,1.36680225623803,1.31684474884683,1.41100457089236,1.36785752163635,1.36633449742552,1.37702071530559,1.5586231261538,1.63630316961138,1.63770288324858,1.62093684015711,1.62971522361492,1.62139770663266,1.62169192240036,1.69571121781405,1.70706016303528,1.66375046013856,1.72928933678219,1.73040417079738,1.73803348465254,1.71716021970641,1.69259359667785,1.70007741778928,1.74244764428347,1.71773993205653,1.73679634372196,1.70546904565206,1.68792798954904,1.67895226484905,1.82183361552872,2.01727464227041,1.99873348705896,1.99331946653906,1.98205938858087,1.98105510371917,1.98680577041388,2.00004334052386,2.00125211448304,1.96598750578635,1.94459763201321,1.91976026147576,1.90768001335988,1.89061855152441,1.88235733633648,1.90423140168133,1.91720163917179,1.90739259567929,1.88698129416093,1.87891179945581,1.87822293817165,1.91590228430644,1.9152440123012,1.91421976207605,1.92060163414167,1.89621015318667,1.88754612841894,1.89257565130667,1.92037645275527,1.92561451942602,1.91547979928186,1.91923703680233,1.89995635641041,1.88938681163788,1.93228256499049,1.91942407165162,1.91388209765671,1.9111990865487,1.90085241471687,1.88474813584404,1.8746379048978,1.87497306052526
NaN,NaN,NaN,NaN,NaN,NaN,NaN,NaN,NaN,NaN,NaN,NaN,NaN,NaN,NaN,NaN,NaN,NaN,NaN,NaN,NaN,0,0,0,0,0,0,0,0,0,0,0,0,0,0,0,0.100113009911976,0.080090407929581,0.0669248614206088,0.0548934256596005,0.0491500491318354,0.214276968583528,0.176755241812751,0.177440007882728,0.178303462908921,0.204891118142311,0.235498088171555,0.276464059708416,0.270017403299803,0.329466321637101,0.29146537658464,0.32370893724851,0.359724979932218,0.339414718236308,0.333415307197814,0.329085875538213,0.33486573878205,0.357152567152824,0.386581500203546,0.564420042985736,0.569616978340601,0.647464190586266,0.647017820030332,0.632987794119539,0.688224961041984,0.915012821028256,0.997740654149921,1.0976266919336,1.09418413037608,1.13847522015603,1.14906427583365,1.16497679557917,1.28552316577578,1.39836718023654,1.39299059505455,1.4689333341608,1.70113125453173,1.78571566972161,1.87975160422631,1.90107988545002,1.9156644157888,1.90310380391468,1.9298417019941,2.00905072913341,2.10027944264598,2.278830332973,2.29736677137632,2.31241701216031,2.36520085565516,2.44735290801137,2.51731383685576,2.49985159403964,2.47583189480392,2.52949599388676,2.52711065260111,2.46845644040991,2.43136173341984,2.4494103616819,2.44019616724919,2.42653071871015,2.49600848191601,2.53955862604272,2.48313807743618,2.45947491681699,2.50527499518714,2.46770033388793,2.44128531000699,2.43134379859232,2.40693305108701,2.39240896401259,2.36310597642453,2.37200094659151,2.33425483767347,2.29856744319706,2.27687043916856,2.24740846120163,2.23456234650873,2.21832377284693,2.21840077137401,2.18434309099044,2.14960843923906,2.12797025359866,2.10381440170924,2.07056803054182,2.05984602389838,2.05529997672731,2.02637090439975,2.00787776192196,1.98527851060619,1.95459155055231,1.93266448124187,1.91944907349089,1.90797985801383,1.88589207607338,1.86310185066849,1.84013452100075,1.8236138986395,1.80544216181615,1.79091559522457,1.77880105104342,1.75530434984453,1.73986493279204,1.73051019377799,1.71499567662913,1.71058062017875,1.69996616061947,1.68858124014229,1.66942547824317,1.65365129683845,1.6365825560919,1.62656075081022,1.61352518461996,1.60640947052485,1.60055392393975,1.56779716344344,1.54236969843626,1.52984492045019,1.51473721968017,1.50551823034439,1.4999956518715,1.49433518701419,1.47805713775922,1.46161154987312,1.44816467310779,1.43658508876233,1.42781080672013,1.42208223231533,1.41392785188233
NaN,NaN,NaN,NaN,NaN,NaN,NaN,NaN,NaN,NaN,NaN,NaN,NaN,NaN,NaN,NaN,NaN,NaN,NaN,NaN,NaN,0,0,0,0,0,0,0,0,0,0,0,0,0,0,0,0,0,0,0.558381719881474,0.999918975240466,0.871859176657038,0.7191891905854,0.601646163068416,0.518206184248709,0.463149795614643,1.08886882273118,1.00436485589028,1.09865821082059,1.11712206642954,0.98827219172204,1.26646210676481,1.14348764540845,1.04623101198845,1.0972615491047,1.24335575423954,1.16530961382191,1.18283512916069,1.18712387147091,1.20167586680564,1.21983242683974,1.32876933340778,1.4026219059984,1.3658100176135,1.39116413685478,1.41276177622186,1.42782342255761,1.45949994330253,1.50976885826367,1.64957504430504,1.71429912118654,1.61857304402074,1.63455966636284,1.63555112325909,1.60279617733576,1.60094409888165,1.55566296486704,1.70913128208142,1.7586858928275,1.78368631130582,1.70816432828988,1.70950601716802,1.82502801977061,1.86451656715518,1.86971681350154,1.85131123769927,1.86409278951886,1.84372318443779,1.81282315632765,1.77198311465208,1.76958954549974,1.74431978189723,1.76919365646828,1.82929962218839,1.83487914265418,1.84880852192899,1.87838492549769,1.88167295400473,1.87111899365487,1.87879287172903,1.84678524647265,1.83260332426422,1.85391589777589,1.85016488843289,1.84733513134911,1.83529678183714,1.80320111202684,1.83221549693903,1.84871152947046,1.8523340120998,1.85390034478218,1.84996324279808,1.83949990382727,1.79815005218431,1.77241300523008,1.76047463538509,1.75076631671819,1.75914081641651,1.79676372648808,1.7865763908338,1.78225758297448,1.77566095849857,1.7752356400415,1.76495084467863,1.75110046571318,1.75497536363261,1.73294259850491,1.71427352156522,1.70753178465774,1.71798233657613,1.70128272967148,1.69049532821523,1.69935051773594,1.68862244758265,1.68507908567114,1.67330127930392,1.65310897592518,1.64241163092862,1.63140738520118,1.62636417412006,1.61589528978248,1.60383803041414,1.59292320996836,1.58910430892626,1.59100205401755,1.58309195670988,1.59270070263407,1.62178426251898,1.62939580695171,1.61580318742045,1.60540381417518,1.59075812843649,1.58014905704259,1.57348130034708,1.55683544648292,1.53890741897335,1.52411633876527,1.51401005005176,1.50675851687582,1.50629030939967,1.50983071301249,1.50142795094023,1.49823276309423,1.4947292522788,1.49092897268362,1.48323350589177,1.47773179755249,1.4697037588221
NaN,NaN,NaN,NaN,NaN,NaN,NaN,NaN,NaN,NaN,NaN,NaN,NaN,NaN,NaN,NaN,NaN,NaN,NaN,NaN,NaN,0,0,0,0,0,0,0,0,0,0,0,0,0,0,0,0,0,0,0,0,0,0,0,0,0,0,0,0,0,0.0759135079327685,0.0680977441190991,0.0614853998903233,0.0562559048259674,0.0536361999043246,0.102854329454713,0.096398105311452,0.0908587378182064,0.0797896530078665,0.0717935378622636,0.0655904634077921,0.0621287021444652,0.0580146652026368,0.0524569194981046,0.0723899804740866,0.0670273113520096,0.0829990830636264,0.0784774002711733,0.113274924935712,0.12671107136319,0.150836674066113,0.139870881197517,0.129674319600459,0.119923203914935,0.137392307523455,0.143471435126628,0.160420997895662,0.224407202527003,0.231381582796361,0.227902386288567,0.240766862241551,0.229800604979307,0.263884012268456,0.299976095157669,0.310475075046489,0.329480317760565,0.325257398853436,0.322037736757186,0.306867663681391,0.303959585510214,0.328497282313565,0.346976851710235,0.337892199342803,0.337807348183444,0.333638134179405,0.328285989454552,0.332119981584843,0.337258895346324,0.335367271724085,0.335379357298103,0.340128056610549,0.363837015298572,0.366871071786919,0.362090600115127,0.407329880769948,0.415511659031791,0.416014563359969,0.416183078630733,0.414188878383628,0.412138394161076,0.418428067489234,0.4232878106955,0.437317304166979,0.434803811894881,0.443074209733991,0.454263167303215,0.466693821223407,0.468993349606139,0.464880776346377,0.457569527294899,0.453159533592551,0.450730859832612,0.454658723394374,0.448795335828848,0.451119698068085,0.456974002434109,0.45584670002979,0.458688274220401,0.453694904902279,0.453443905315858,0.456353210240148,0.460659730442905,0.463993609785712,0.464962157529456,0.470684698218028,0.472023773152935,0.474698514627577,0.476103722194333,0.479318698747464,0.488474266024463,0.487501437198584,0.491276518237484,0.491671326621241,0.493156626008788,0.49804343279741,0.502007142860339,0.512174773855514,0.515367409939959,0.525032055732413,0.529535272726393,0.531697544939179,0.534208766186774,0.536780661484961,0.54324474732144,0.546072644532324,0.544739702610216,0.556571236695392,0.561934171394318,0.563420883268324,0.57021567560851,0.575051129029615,0.576656226993376,0.58638959849461,0.59128661928453,0.594228705188647,0.598483418816625,0.608471971591597,0.604162747639297
NaN,NaN,NaN,NaN,NaN,NaN,NaN,NaN,NaN,NaN,NaN,NaN,NaN,NaN,NaN,NaN,NaN,NaN,NaN,NaN,NaN,0,0,0,0,0,0,0,0,0,0,0,0,0.216803021779649,0.178927795083204,0.147039673187187,0.121729565507426,0.0973836524059405,0.0813753807775668,0.133492197680053,0.119525207178317,0.208435185851311,0.472825114069364,0.431506256423417,0.495549764067768,0.581306890643103,0.624757524637585,0.648305883235991,0.700415952455401,0.648598892388955,0.624417339432409,0.605545646968642,0.601421360003554,0.600293335251777,0.643881475361638,0.685958752512976,0.707190809138378,0.767546094107345,0.780464983749013,0.798012197308218,0.816550212613385,0.863229887927571,0.935039519681442,0.967910153379028,0.987027374574929,1.01324596198957,1.0332739761413,1.03368242498729,1.0450475458484,1.09053594223181,1.08420547783357,1.05375296790306,1.05701117380113,1.05158222441939,1.05235704401839,1.06050143888509,1.07752589323777,1.0547623937305,1.05112164538751,1.04706460099294,1.03876762514299,1.03875689113981,1.05594124519662,1.05997142961432,1.04188762120929,1.03323549353414,1.0226299528409,1.01350981125347,1.00857097697789,1.01878544705379,1.02867933127487,1.02807246908747,1.02504421459969,1.00608048853886,0.98752415214443,0.981638405126673,0.987134050063009,0.983556129329761,0.970154429999002,0.965608683099403,0.951681208844886,0.953753718255894,0.963869649998887,0.982207306116746,0.990517247554713,0.989143419094963,0.985989917803317,0.983031709772806,0.990893467589193,0.996730512262896,1.00338171865362,1.00754285950971,1.00285566304466,0.998397712432497,0.995518634964036,0.994743536043213,0.998367096781221,1.00804918389517,1.01614432134335,1.00990556713988,1.01071073439493,1.00793449104402,1.00862383575302,1.00965750224018,1.01933045410481,1.02198293519332,1.01735557664649,1.01530751832045,1.01290000533816,1.00944650524305,1.00759044487857,1.01448049855434,1.01792045243289,1.01412638667414,1.01323254702138,1.00951212666327,1.00567926633182,1.00694642153057,1.01331200834031,1.01718111698635,1.0141682930707,1.01043026210388,1.00727998218251,1.00496394685442,1.00776707773146,1.0107448524487,1.01291312965978,1.01039877113294,1.00607118328947,1.00096971371304,0.998097804786262,0.994689337675497,0.996579162214976,0.995569886270909,0.986843244757459,0.979986457237414,0.972952776544105,0.965104047679505,0.961433413390957,0.961760880857667,0.96160642350671,0.952967802773284,0.945101461169292,0.938480769957902,0.933636380659137,0.930446570969703,0.929856779036016,0.928515699831369
NaN,NaN,NaN,NaN,NaN,NaN,NaN,NaN,NaN,NaN,NaN,NaN,NaN,NaN,NaN,NaN,NaN,NaN,NaN,NaN,NaN,0,0,0,0,0,0,0,0,0,0,0.690342131901131,0.558276680580915,0.468626410706607,1.54703176546519,1.27132313399614,1.05248882404599,0.84199105923679,0.70358157004718,0.577094995656676,0.516714835145314,0.450539075556528,0.464557295707708,0.46635703341505,0.468626410706607,0.418837584219605,0.393876185685921,0.36330859164724,0.37849266480062,0.329874467652178,0.291826446667296,0.261781114237738,0.265907208652207,0.270323445333917,0.309282143396894,0.345968227765694,0.347412436508686,0.327448920095912,0.306727110262432,0.293237751352952,0.283660463623587,0.298543679455035,0.292713457143489,0.302482064861273,0.278281314503039,0.257666160268115,0.259240142093017,0.263972233696115,0.254013128652048,0.25224938758127,0.241602426995002,0.261377647939768,0.256170309055515,0.243309972488142,0.252077813144416,0.258530811812638,0.269801809182972,0.292690045685667,0.290046615165147,0.27378174100983,0.278523539167212,0.294466232335965,0.317006879480584,0.322431583614679,0.309038297510903,0.30654102850513,0.296639959201753,0.300391323238986,0.309371517881025,0.308973181491384,0.323866739031362,0.349092827777629,0.344714454938103,0.348520746122088,0.359577820629581,0.357713619219118,0.367279785773939,0.383829124751725,0.391661077978794,0.396999029292395,0.407660411525874,0.407942793287504,0.425590352409343,0.446407386799029,0.454991090329831,0.470873233025083,0.482029521438699,0.495278311850902,0.51287967376606,0.540116250141379,0.552928660981558,0.570973400743481,0.56131812464717,0.578691962453701,0.582484272849878,0.599955914012451,0.621514607972066,0.635573818650264,0.645200506248193,0.648687270902613,0.64969312897184,0.668392920742653,0.677157148196064,0.690776924615287,0.714798696960431,0.727931688942144,0.736594315811954,0.735054820000053,0.750125047261705,0.772246022404192,0.781466007159995,0.799459287308297,0.815565418709207,0.822743716829998,0.833079989253087,0.829509562886564,0.830626813915295,0.839755476491471,0.853712106602022,0.872082756684524,0.880838711948978,0.885688730272837,0.889106230630113,0.891120513456412,0.895422848909417,0.901978346054038,0.910936111619221,0.91039645314231,0.916295433019894,0.925636144795048,0.922783253527591,0.922192614699534,0.927833708666595,0.934488095316474,0.931380521005079,0.927543746550637,0.932902728776026,0.937465079946233,0.938328467339849,0.944014080659128,0.948855397350009,0.945469976660075,0.945393318544409,0.944058333317142,0.94473075261882,0.943741158237952,0.953266283909354,0.960999476940644
NaN,NaN,NaN,NaN,NaN,NaN,NaN,NaN,NaN,NaN,NaN,NaN,NaN,NaN,NaN,NaN,NaN,NaN,NaN,NaN,NaN,0,0,0,0,0,0,0,0,0,0.896570345180508,0.742321683644077,0.800416424103178,0.839852999743298,0.693131692559228,0.797444580944379,0.848802253019252,1.5844308723026,1.38702298149386,1.18938283244545,1.62056142203989,1.45338771745051,1.3320967984351,1.58799323849768,1.36776059958194,1.43690786293453,1.49245043144567,1.41383175963253,1.71275548378011,1.64054522377602,1.62129804086809,1.58339258208484,1.64144302342834,1.74406526094061,1.7459906641793,1.82465984286031,1.83464857671197,1.87006506430431,1.86212136885455,1.81152817102073,1.84140965510727,2.01174181459088,1.98344614863388,1.88378335384118,1.87021626997198,1.89329269547483,1.92630113558144,2.15589401749083,2.20137136846662,2.21982444132124,2.29484670012648,2.27255605348708,2.2408940893183,2.28811571520769,2.28463255762646,2.29398989019817,2.3465896172759,2.35586054602871,2.40671857360367,2.31101042705483,2.40517576281021,2.36599077076365,2.33073980796555,2.37665745307564,2.36307515713985,2.2940735173218,2.47063155350757,2.44812842792038,2.39187713674246,2.33975689620046,2.43191380572553,2.43061855292532,2.39144726976162,2.33841680622335,2.34700444134171,2.35407633590838,2.35863507681509,2.43663369706313,2.56200395781,2.53950958936063,2.56750987481436,2.55035813570248,2.5307169730158,2.50844985689549,2.57979267330557,2.59962646527602,2.61126713388949,2.63653180873371,2.64060117306675,2.59685954664037,2.58862165897483,2.62510413724244,2.62462456890913,2.61469450891885,2.58840291237366,2.57536567337302,2.53545082844659,2.50636223198551,2.51299950976937,2.49404129952719,2.48011524978407,2.46042579264599,2.44436605997836,2.41034093527335,2.3887377849953,2.39112001786171,2.36539304753096,2.344742986185,2.33575017495275,2.31500077009905,2.30119721929664,2.28143259596873,2.27971101309998,2.25572526253399,2.25573129648929,2.24783843276164,2.22868830145056,2.20826178101034,2.18947623787639,2.19784343483418,2.16171006557419,2.15525130743198,2.1362296592537,2.1134467066721,2.09433163942073,2.07598768972964,2.07819767296647,2.05848985304997,2.03298911754301,2.0237056901708,2.00823138301623,1.98910918003361,1.97954153166535,1.96802919292254,1.96787761308816,1.94989489504434,1.92829462707487,1.90889580394592,1.89266709129608,1.88360393668076,1.88402253483424,1.87177347062692,1.85782521431951,1.84594492622904,1.83164510713524,1.81795563126699,1.81388700657616,1.80442682260146
NaN,NaN,NaN,NaN,NaN,NaN,NaN,NaN,NaN,NaN,NaN,NaN,NaN,NaN,NaN,NaN,NaN,NaN,NaN,NaN,NaN,0,0,0,0,0,0,0,0,0,0,0,0.521084375178494,0.437406592303115,0.360992187623655,0.296656946264984,0.491186091356777,0.392948873085421,0.656709075567417,0.807973525557664,0.844009903458124,0.735917407050329,0.693773697777444,0.798028734383529,0.687353216476324,0.614325940914068,0.682752971859639,0.823540786963585,0.794874470611261,0.73125841988761,0.680962535744622,0.702481229534717,0.661846698339918,0.656017802856293,0.649525084275079,0.645839756764723,0.626917890050605,0.692771134630367,0.679945870268742,0.644005407259826,0.647198561218257,0.626973178690701,0.624486702341573,0.635244202956114,0.606065265694329,0.561167788653762,0.549084871189017,0.536770468704425,0.524986801614054,0.552076929128278,0.541216586362008,0.529751941265562,0.523444511462059,0.519941076459642,0.487374887693823,0.471890279803701,0.477958609994339,0.503246727207895,0.527911322041008,0.519602969705349,0.487940584913186,0.519159104840849,0.514105279424035,0.566496455142351,0.563638349825138,0.559661952878103,0.538869796767704,0.521109002257996,0.496561377112224,0.555805095456608,0.558856917847219,0.588450663902673,0.564227615018967,0.597130338092626,0.652006080885619,0.632510882453823,0.659096234412952,0.678700802863844,0.698769296044493,0.693407346527355,0.67859137139192,0.696937233417467,0.681453605415931,0.707022914199892,0.735577213483721,0.756319142483583,0.746350260149188,0.7510275021889,0.761651765269245,0.747798454844627,0.763099544960998,0.793300550806363,0.824060106522116,0.840359701122317,0.866137306132942,0.850350545470747,0.833682995856929,0.86266803321372,0.873622846907281,0.922947689929401,0.960705555015859,0.973837562680547,0.970488083653147,0.98233780939762,1.03656569255937,1.06475872711761,1.07437921079751,1.09064967780222,1.13509463930162,1.13984636606724,1.1285307392567,1.15665524172655,1.183835315671,1.19217517646471,1.18836088937567,1.17692573230962,1.17565946493361,1.16734259621107,1.17035572318295,1.18897569297369,1.19329809285106,1.19445179075866,1.19377196232848,1.21115085818183,1.19819014657659,1.19731933450687,1.21421622384335,1.20490751705123,1.19619701791237,1.18893705690289,1.17693331786221,1.161986362649,1.17143346828784,1.17389682934678,1.17144518500294,1.16650642513977,1.16821099384956,1.21816566117373,1.2084869513062,1.20876217953034,1.22131469462691,1.20842822791984,1.20440548165211,1.19612729657029,1.18612855269519,1.17607951109483,1.17391466952739,1.16560095673853
NaN,NaN,NaN,NaN,NaN,NaN,NaN,NaN,NaN,NaN,NaN,NaN,NaN,NaN,NaN,NaN,NaN,NaN,NaN,NaN,NaN,0,0,0,0,0,0,0,0,0,0,0,0,0,0,0.2589097611848,0.214343326882499,0.171474661505999,0.143287045915972,0.352582730961773,0.420923716372875,0.367015942170734,0.302748316985989,0.443218404740082,0.599893106728494,0.536157958390146,0.595878205846876,0.549633818004273,0.616651693551418,0.705391911975544,0.713178705809041,0.693065273059414,0.673904099982158,0.638607739377078,0.671855759252729,0.664315807566543,0.735819299644248,0.711319575101389,0.687127488029413,0.646370096971833,0.629035055524583,0.607995486623223,0.601799371090854,0.585215349486021,0.585621428404992,0.585967342454028,0.601053441557757,0.583668524773723,0.583818280201645,0.602287034215285,0.603559834653579,0.614432586680504,0.6260406195714,0.594611945802691,0.606260792573327,0.63180932326707,0.623470692499727,0.64417858521449,0.618256469107353,0.594737987312917,0.59340327031209,0.609686471649721,0.626228596550423,0.639648611768463,0.633708643094677,0.631142636268735,0.636597976998995,0.612994158339891,0.607671295379737,0.622371173755859,0.618551772821237,0.606952390974204,0.606385961570315,0.618379900333401,0.610089375189098,0.628046124047875,0.641124998582037,0.642716738107877,0.629797397667396,0.662812792982596,0.67029407551094,0.669083398957753,0.677428119254644,0.692939762702315,0.709116259245852,0.723787853612244,0.734119435854391,0.725466511798353,0.760769304237298,0.761421709807029,0.762348720205768,0.776389460830963,0.770905207383467,0.779340166238325,0.773381265952628,0.770899359781642,0.775623361620398,0.790029879659361,0.797026359399639,0.798583107411005,0.802598665864608,0.798701511224369,0.805070602908723,0.819828819544768,0.824980383231162,0.832682129250721,0.854577150937669,0.860809673492038,0.87871898734635,0.876753869114571,0.878564711125519,0.884703995251559,0.89060888043091,0.894407101465692,0.898967101109342,0.901980259332039,0.909838058661724,0.913565046103439,0.930160079492753,0.932415484467304,0.944989951812532,0.956690487972395,0.964345686835747,0.969234229154265,0.979418827038543,0.97661993056327,0.987463641735781,0.997796363114698,0.996708484329611,1.004141716188,1.01187451242637,1.01231993270867,1.01937638402771,1.02869759035514,1.02473727509578,1.02329293396754,1.0207092923804,1.02142704098165,1.02344939771804,1.02719499065493,1.03170603080275,1.03399650675991,1.03077514455062,1.03015905688284,1.02944056402968,1.03006910202071,1.03332684802975,1.03780788508969
NaN,NaN,NaN,NaN,NaN,NaN,NaN,NaN,NaN,NaN,NaN,NaN,NaN,NaN,NaN,NaN,NaN,NaN,NaN,NaN,NaN,0,0,0,0,0,0,0,0,0.372689046462677,0.856700795115504,0.945748548012814,0.956028423534693,0.802505610996275,0.794770617155347,0.653128328949444,0.720939466927801,0.648845520235021,0.602428869624601,0.691777870512744,0.929098045406955,1.15729756533147,1.08193086426068,1.22454972409165,1.28400897759404,1.33202469075896,1.38753993810118,1.51094225384828,1.65279490170405,1.62408168288328,1.78657811648046,1.79316238461145,1.88213971278482,1.89796800714361,1.90668374472917,1.98050230002453,2.06242784009288,2.10839862463312,2.04850999321736,2.07952877940271,2.05637630717587,2.12166735704223,2.14826187225012,2.19282216344314,2.13651719574107,2.07752330498885,2.05919524864151,2.02773488245743,2.02580220988078,2.05855029606244,2.06591842100253,2.05384307947682,2.0037110332575,2.03285948121903,1.99803416252609,2.0601450082451,2.04988564466474,2.03478144274828,2.02651247491519,2.02851972680915,2.02671900265184,2.04646599031955,2.05744964027945,2.13065832411986,2.11808377578841,2.11591326730366,2.10294904868832,2.13765587909872,2.12311072377135,2.11642115023212,2.09540032261288,2.07716222649495,2.11143091718634,2.09789498048598,2.09359720446362,2.0850259984481,2.10175200230951,2.09968710994525,2.04914439116788,2.02742293656563,2.01645766862407,1.99908192893824,1.99431124796262,1.98939229715274,1.96994063149114,1.96772978201166,1.94962676678694,1.94404699314065,1.93695211447131,1.94440703302186,1.95197025221534,1.93364807510033,1.91232986603837,1.88735120750345,1.86059250466036,1.83634222987101,1.82053763909988,1.83596521210545,1.81739247172706,1.80524055521167,1.80335080725129,1.7898808015044,1.80600936693599,1.81113353652147,1.80887735572016,1.79819995196044,1.77587652055004,1.76767422402037,1.75804483297823,1.75909229930383,1.74652930508431,1.7406668851049,1.72920383327984,1.71894633073878,1.71807538773638,1.71506933273751,1.70627919216651,1.70722415017679,1.70408640047873,1.70176463023163,1.69195869414473,1.67870523635701,1.66867070509882,1.65395392314969,1.65270368173468,1.65347337188578,1.65189945961808,1.63952968456661,1.63061509681246,1.62060385878111,1.60519720243542,1.600565428451,1.60326834676039,1.59677064593649,1.58532613600802,1.57961456318567,1.56895238752813,1.554865872031,1.54863560763265,1.54865785058094,1.54694162984035,1.53607050409554,1.52379866470833,1.52046714006362,1.51253215708197,1.51129270969063,1.51404695015951,1.5033244063331
NaN,NaN,NaN,NaN,NaN,NaN,NaN,NaN,NaN,NaN,NaN,NaN,NaN,NaN,NaN,NaN,NaN,NaN,NaN,NaN,NaN,0,0,0,0,0,0,0,0,0,0,0,0,0,0,0.311723409266734,0.258066101114263,0.20645288089141,0.3450308420377,0.283002825491596,0.253392871919035,0.220940802357474,0.182252181394733,0.228697803893027,0.196980590214432,0.176052549874781,0.165560373370412,0.152711710602781,0.185609811855211,0.161767832169249,0.178886729181478,0.160469237186239,0.202842568202099,0.265128962828969,0.379173797703012,0.436268789874458,0.431599727548962,0.428208967506836,0.413645515312441,0.456781159092092,0.448226738214169,0.468491075912617,0.464810328884917,0.445004442910814,0.466262105029273,0.494900007956249,0.518296446592584,0.536292432154046,0.569444713155339,0.614239976205849,0.631892911910488,0.651874311015161,0.665467120656126,0.678224583281446,0.671063538243838,0.709976215897709,0.745248864212647,0.755436239365115,0.777559905292399,0.792136373484207,0.785893349906,0.798232743387957,0.816152760220642,0.822213083396486,0.81871806118689,0.829267028524158,0.819636810017518,0.833266034695706,0.853564815592701,0.870539819762617,0.899544695312574,0.904508908855932,0.901574638209163,0.90138425501669,0.911995585073607,0.923950946735783,0.949871658720432,0.964139342292306,0.964338894285459,0.975353509902084,0.978378239203171,0.994901077078185,1.0164600567769,1.03596620125376,1.04741999930226,1.04440995050027,1.04356581266173,1.0435436490205,1.05259707163439,1.06388944264744,1.07880734426102,1.09435444263417,1.09691415220775,1.09335115406459,1.09136351158246,1.08711619190021,1.08843112634428,1.0977109733172,1.10526232268846,1.09611319328167,1.09469195985958,1.09410478403303,1.09381993755493,1.0939196237019,1.10338417425835,1.11129728583806,1.10788184644799,1.10880505168132,1.10559293787954,1.10629087942861,1.10861446846626,1.1175078863237,1.12407120471941,1.12105520853257,1.12116284647551,1.11684256599199,1.11058359036835,1.11223748799967,1.1172819839141,1.11830292876117,1.11401498646664,1.10853223017357,1.10374156339407,1.10157506007121,1.10256099525633,1.10541199520743,1.10738513197131,1.10109214385272,1.09527609630689,1.08867196073345,1.08414524475737,1.08129147645389,1.08419932972692,1.08578103926137,1.07963544219583,1.07436286857483,1.06988193826988,1.06409129528121,1.06281279217503,1.06559083056041,1.06745907247968,1.06155124205295,1.05442994822732,1.04771517958275,1.04326640111479,1.0413072141144,1.04318605677141,1.04259231371026
NaN,NaN,NaN,NaN,NaN,NaN,NaN,NaN,NaN,NaN,NaN,NaN,NaN,NaN,NaN,NaN,NaN,NaN,NaN,NaN,NaN,0,0,0,0,0,0,0,0,0,0,0,0,0,0,0,0,0.599476370266547,0.500932309400813,0.616315594150438,0.551831870013974,0.641544887478234,0.529204899945866,0.442712573683527,0.381314479523038,0.3408020371506,0.320491311010161,0.295618905305249,0.269477218763886,0.234862290213612,0.207773060149201,0.186381542233738,0.168283748671235,0.19246346624347,0.183500896157464,0.175943314983927,0.230858955721334,0.217593004168493,0.218381956322839,0.1964968220648,0.201959086448413,0.191300004229443,0.218328617264901,0.197412958602696,0.198129268121326,0.214027098749009,0.198770313793924,0.187941563952875,0.180850932671906,0.210559882118415,0.240820757122255,0.244581059521916,0.246468636001424,0.255287134839748,0.282029057994428,0.278146306920093,0.290098234925299,0.270538704249299,0.289108211095342,0.305383573836921,0.30507957840769,0.308655100183422,0.321623771666582,0.318687659762083,0.31866046405532,0.330971724966144,0.345187357481582,0.354291413118917,0.354070371359863,0.371968045732393,0.399163844254421,0.430317196478462,0.45172977204643,0.458885286219094,0.463101483951272,0.471400949037293,0.491857634132613,0.504043586863878,0.499611260194183,0.50373852400945,0.497561001978364,0.513465208640353,0.527414169436258,0.543065200740369,0.57209408907982,0.597052736986041,0.606039540652149,0.629609204949345,0.664913429641654,0.6750973612625,0.694713957851609,0.728216600043182,0.731007717444225,0.749650290028118,0.762692583036319,0.79288615974523,0.817489533265678,0.832911468716195,0.872529729121068,0.883913168037432,0.88785389209526,0.918595468250099,0.94306344077128,0.967637443127368,0.981429376979585,1.02090390153174,1.03358340598706,1.08872837786384,1.06666891204266,1.10252552327948,1.11134877631738,1.12291092352523,1.15018416493725,1.16198743360666,1.1741864803077,1.18777112484209,1.2047696452668,1.21876494868961,1.24603399296624,1.26683812437678,1.27150219866187,1.27447701044631,1.27317499791568,1.27476891490818,1.28778727936269,1.29241328977675,1.3153323042129,1.32322610144614,1.33451219722875,1.35277343177643,1.37391842014458,1.37654214251571,1.3789050639469,1.39521874517629,1.39501436163054,1.40788180222749,1.40737107864153,1.41377458838474,1.41323567116398,1.42187332999453,1.43598921976212,1.43472383614306,1.42962626114002,1.44242835782551,1.42675135924552,1.43191572535907,1.4350721428676,1.44732722952443
NaN,NaN,NaN,NaN,NaN,NaN,NaN,NaN,NaN,NaN,NaN,NaN,NaN,NaN,NaN,NaN,NaN,NaN,NaN,NaN,NaN,0,0,0,0,0,0,0,0,0,0,0,0,0.103134137016956,0.17023345507618,0.139894819518049,0.115814563699369,0.138977476439242,0.232263727747775,0.222259859324182,0.255863965677881,0.247883803005666,0.286268125612911,0.307904094290331,0.279935514760309,0.250193996882699,0.260049879226803,0.239868158607747,0.229068746476865,0.23594335006705,0.224785539543775,0.244851585231897,0.23408079326628,0.23796845088544,0.255247673508444,0.255612281852263,0.244664532836761,0.254626647018061,0.261576996065101,0.254343966598237,0.249709162379787,0.24310018160379,0.254611001306949,0.257956819735578,0.255181086713436,0.250453835745859,0.256738170871997,0.255200197191296,0.255554645574303,0.269914933580347,0.258766809911334,0.262963857556319,0.251412398066245,0.257871342291025,0.258891076673769,0.255403499580066,0.259321323247266,0.254267757621984,0.251075439954237,0.263105665535652,0.264990647583378,0.257421439457152,0.257262445842506,0.260464729846545,0.254850991891739,0.268368455386899,0.263943047794984,0.266440821010344,0.262798135850322,0.284355484744655,0.285702107669396,0.283803015005879,0.291911098963991,0.299451376079349,0.306963129770822,0.311965060219548,0.320914438194995,0.328972137528146,0.330417224404846,0.329585976665996,0.326619097274181,0.3282546045929,0.33154303956674,0.339986919846507,0.343854006415744,0.343109574320469,0.345925631579949,0.348317401668212,0.350075651971016,0.352970269408868,0.359530266022933,0.366104014554533,0.366565484094118,0.369668324117513,0.372197948988047,0.375398767999033,0.380731709406907,0.387583330156585,0.395770860675992,0.398609312331698,0.403546837264548,0.410286246683379,0.413348714696984,0.419488661119598,0.427651387742153,0.434935924555474,0.437880237444164,0.441441483278956,0.442729719390473,0.446296494387013,0.449700704567802,0.458234774922693,0.466581707465435,0.467651918887155,0.472251283038817,0.474320659912901,0.476605962773018,0.480983256217758,0.485951139596855,0.490455567784523,0.49157568904969,0.493000409004034,0.494784490139172,0.495812083150262,0.500359443670662,0.504252808949172,0.508401516514758,0.507988320299331,0.508908952527309,0.510369077414884,0.512009439517023,0.512691169709186,0.51608385144518,0.519299091604511,0.518785785338268,0.519877909765936,0.523859531729986,0.52767267447903,0.530517226667765,0.535816184081255,0.540164158650503,0.540470372894511,0.54130324980427,0.542166272586387,0.543916607554785,0.547167248009975,0.55176956885622,0.555900363222196
NaN,NaN,NaN,NaN,NaN,NaN,NaN,NaN,NaN,NaN,NaN,NaN,NaN,NaN,NaN,NaN,NaN,NaN,NaN,NaN,NaN,0,0,0,0,0,0,0,0,0,0,0,0,0,0.0598024958602774,0.0982892506218421,0.122055913682042,0.130192974594178,0.163187084594072,0.133850080622104,0.119845645627437,0.156745489149569,0.15803090801862,0.168257869708577,0.155274467874964,0.157281121451727,0.14790766285513,0.160504677652483,0.168257869708577,0.172148225077562,0.169213880331921,0.1669714945579,0.159895306464893,0.163015308715552,0.155424069931528,0.156665044967301,0.157574830362001,0.158646403502851,0.15117585247928,0.144027289868761,0.14133000248963,0.140795180907038,0.133627287753794,0.138365177897375,0.143430945462251,0.136125681212391,0.135672442852451,0.128281183484131,0.124844153432208,0.121047187122686,0.117054458781205,0.112008815673164,0.113478347585187,0.109895361396377,0.109508393840433,0.105712617738158,0.103018261736667,0.1008362967069,0.100909113186418,0.0980726929267976,0.0967345184322021,0.0948580804510707,0.0955835966422506,0.094433176033192,0.0917253950558045,0.0921935533536215,0.0942020038625773,0.09430360966369,0.0970144339508631,0.0981559449925261,0.0967892874923863,0.0942610026455371,0.0926982894355869,0.0941230581805371,0.0910136300795932,0.0903535909561182,0.0916087812432472,0.0916622020379993,0.0911563859943745,0.0929907117188188,0.0938256100376403,0.0968701025049012,0.101326201450952,0.102179922847388,0.100883626316859,0.10265273702404,0.101954365556892,0.104123171634854,0.105580960617897,0.105322380305056,0.108585335941207,0.108055896910154,0.109473695905906,0.114135227824027,0.118018440710371,0.121265698678359,0.126022121815263,0.129402840930896,0.132761657055313,0.135240474261989,0.141856773888861,0.145122603357607,0.147330557343348,0.153183278641945,0.154529906103798,0.159582410500858,0.160218119679185,0.16420882441926,0.169189371184023,0.17394171881949,0.182330298587945,0.183514720934615,0.185985006088853,0.190083920795444,0.197448483601741,0.206852752523573,0.211342897353853,0.215024904763127,0.216708771479775,0.219532399221988,0.225618507109229,0.230044037775758,0.236746434465317,0.242245098449014,0.247204880313821,0.247250983537933,0.247605823349804,0.25175735451577,0.259192446889884,0.263635675337715,0.268987688403689,0.275781445964521,0.276791023173501,0.278249634675927,0.284351265573414,0.286843139496318,0.2921907800054,0.296441812960055,0.303214085224974,0.304689059466439,0.303068286526301,0.314171301507689,0.32524379586968,0.332163816795901,0.336210674061878,0.34006696428263,0.346872908387124,0.350258856310701
NaN,NaN,NaN,NaN,NaN,NaN,NaN,NaN,NaN,NaN,NaN,NaN,NaN,NaN,NaN,NaN,NaN,NaN,NaN,NaN,NaN,0,0,0,0,0,0,0,0,0,0,0,0,0,0,0,0,0.342904690487161,0.716341990401261,0.705073689428657,0.631303404015598,0.550452266308337,0.45406337452352,0.379852048178877,0.381700476637168,0.389882313508235,0.412477377470314,0.59183630896531,0.655107155554875,0.604542951436902,0.62395015413928,0.746280850346675,0.673816395941177,0.660542719570005,0.713753841901216,0.684357513539619,0.641400007278474,0.657884976563688,0.671423561621248,0.660335671431146,0.667460529102402,0.693024650560253,0.715253324762353,0.790451183361894,0.793319321860309,0.813251801477284,0.820249960433064,0.798600351119879,0.849751449684695,0.871431341527289,0.872424032213478,0.888074087902366,0.885365637009474,0.860510548956137,0.840832946758739,0.84698225674916,0.879024116523263,0.88667588926257,0.917420443847229,0.925440537279582,0.907439830328768,0.902751534979497,0.919855271589818,0.933085702829317,0.940312809686285,0.949334487305475,0.943081597955237,0.981157295893896,0.982038573735861,1.02266069426362,1.03078545418274,1.03338232838643,1.03967416029641,1.04605373976647,1.04466540266851,1.05505255985213,1.07552528486983,1.09073941171633,1.10324814789597,1.1173505304713,1.12772247039,1.15702246428525,1.1690278479844,1.19101415628281,1.21806682469134,1.22512933785725,1.2303763681558,1.22931481746121,1.24575348358156,1.2562434176405,1.2704158428304,1.28631937724215,1.30037425242297,1.32000355595233,1.33388179537468,1.3488983068163,1.35377197591181,1.36948190493719,1.40986184993912,1.40995393751284,1.41793361565868,1.41319521712062,1.40403183270441,1.37870674270077,1.41975948590186,1.44962628046434,1.44130998817958,1.45425260770231,1.45424214296114,1.45116074184934,1.44595204468311,1.45204576714572,1.4639768208627,1.46835503655802,1.46763569932546,1.45534727789747,1.45599556583115,1.45786005830195,1.45590221277896,1.46073735739499,1.46588154019181,1.45041132507923,1.45245014991987,1.45701313101608,1.45998617457894,1.46013934623925,1.46831117560554,1.45999976589626,1.45484111320973,1.45265131675578,1.45242935326872,1.44183941023517,1.44723003933323,1.45142430052134,1.44618878881828,1.44262049873406,1.4373833083218,1.43522557034227,1.43253102902757,1.4312238121896,1.43482254067681,1.42924207051823,1.41887412895873,1.41237873769013,1.41326675726225,1.41271978004305,1.4128905626377,1.41775960379059
NaN,NaN,NaN,NaN,NaN,NaN,NaN,NaN,NaN,NaN,NaN,NaN,NaN,NaN,NaN,NaN,NaN,NaN,NaN,NaN,NaN,0,0,3.47768514001383,2.21307236182698,2.02864966500806,1.46062775880581,1.43198799882922,1.55385931787852,1.65042684610826,1.4226893754602,1.30880623548907,1.37595368583156,1.51038150241476,1.31984436036669,1.38590917708472,1.39677517918588,1.6362223527606,1.56734028912952,1.58644962566923,1.56740738704848,1.51614869700603,1.56772636919581,1.5620111222096,1.54845834701346,1.66753868083608,1.65350060338081,1.67277498650625,1.68630569058887,1.75112726382199,1.83270054963797,1.8673503032643,1.91008615490405,1.98337874616788,1.96431272260115,1.97711353033119,2.02425864841714,2.02795988273503,1.92627827253677,1.86404670992144,1.83743673634751,1.82536019613606,1.78905230987033,1.76341985014835,1.74543742172628,1.73826101730791,1.74100295835294,1.7355231935884,1.75260195730667,1.75627575659146,1.71463139021881,1.70607619844228,1.82978818053785,1.82451009065949,1.8809149647144,1.86690229574433,1.84770664171404,1.87694307964595,1.87880362017914,1.94387027602265,1.98058381497283,2.02684044757208,2.03966813004452,2.05106369675734,2.07354619405549,2.06728756985081,2.06332054561035,2.10372092015724,2.14056571272862,2.12636779429773,2.11808568245649,2.15393796196239,2.18082601525846,2.19768494663227,2.20537492478081,2.22283726790855,2.21495634075045,2.20814756282863,2.19900905447257,2.23935797349591,2.25344838575087,2.23495009473189,2.24133884606233,2.23479112562974,2.20730190865986,2.1854275974461,2.18167456440753,2.18100080066014,2.15283098586357,2.15949358619479,2.15038919954984,2.12863606397588,2.1302559484802,2.12077217211582,2.13552759129619,2.12992107220298,2.14380893940493,2.13030417996173,2.11354970833127,2.10799005322346,2.09689170266889,2.08623262910959,2.07903338851543,2.0845485299705,2.06943130857765,2.04991622755018,2.05199243610663,2.03897985647547,2.02391570293352,2.01744165580913,2.00767340857435,1.99848596016264,1.98338179058897,1.97814021820854,1.95998181238926,1.95089470726463,1.9434788852553,1.94008759746355,1.92454069612026,1.91236967736294,1.90497283278116,1.89279815711922,1.87541213325986,1.85933986290963,1.83944278107502,1.85290372026749,1.84231264103973,1.83227584085406,1.82565998493439,1.81050338552849,1.80276925882314,1.80153542406097,1.79329305075096,1.78498620213507,1.78123003036493,1.77981929417187,1.77639096851298,1.76905216560135,1.76154596668157,1.75381397259814,1.74678517070118,1.7361661199704,1.72932091850942,1.71845085704861,1.71038149859159,1.70096843280376,1.69304648706737,1.68439927064388
NaN,NaN,NaN,NaN,NaN,NaN,NaN,NaN,NaN,NaN,NaN,NaN,NaN,NaN,NaN,NaN,NaN,NaN,NaN,NaN,NaN,4.57646945170838,4.57646945170838,3.26890675122027,3.74438409685231,3.81372454309031,4.02729311750337,4.03806128091915,3.89486761847521,3.72322938444071,3.44721075583228,3.34623572813085,3.34281246907394,3.27367887786439,3.1153075183316,3.08118735362544,3.07598766426301,2.82090576039729,2.74588167102502,2.6738922639195,2.53225170869176,2.4407837075778,2.45712035685066,2.37134252461402,2.36697481548212,2.30316263180105,2.24611997629859,2.17539534163664,2.05047415374996,2.04280428319674,2.02300751899382,1.98966791147158,1.9544241376831,1.90959209542863,1.86475973243035,1.82671240239476,1.80450256519381,1.76460943836698,1.8379669789632,1.85911386646509,1.87260053411828,1.80888120620884,1.81329933768298,1.84082958511002,1.85720188874638,1.81757775046946,1.78467383029038,1.73784875214653,1.69879684183099,1.64556969581819,1.63666763758412,1.62095492386321,1.58224534262666,1.559112361328,1.54360117619555,1.51893737775269,1.46910164303126,1.4454513208667,1.41901221309654,1.40351568472791,1.37480404472665,1.36670205055478,1.35073922466791,1.30412479560351,1.30325817571888,1.28776985516092,1.26371309681017,1.24863926200257,1.24587965933696,1.23396689114401,1.20668249214184,1.19277159910416,1.19513123336186,1.18772101777001,1.18770745081259,1.19289756057127,1.1866998629332,1.16539761147363,1.16240259260181,1.15942269514613,1.14642735848063,1.14784962675532,1.14976591483814,1.14568335986513,1.12450462178206,1.12935111489056,1.13331512989022,1.12986183655168,1.13148528139531,1.13160458189676,1.12699222393426,1.11506781141761,1.11913487844158,1.12885658580367,1.13070656832556,1.13969164732475,1.14128561536216,1.13606258175285,1.12390154636765,1.13158318281442,1.13251821182857,1.14206299421521,1.13873596712085,1.14197560821072,1.13617334162026,1.126840652684,1.12995749457404,1.12987180687895,1.13062076626125,1.13375077466632,1.13655030817462,1.13256489109357,1.12465170112353,1.12612331362143,1.12775987369404,1.12966493733552,1.12989808590292,1.13209421791702,1.1313917414515,1.12215306684571,1.12908264531862,1.12830355902181,1.13294442897708,1.13652178204385,1.14002656672644,1.13477211316079,1.12711494673544,1.13040134835127,1.13265674348143,1.13466813086191,1.13590846112256,1.1379298002266,1.13501611595453,1.1298097063305,1.13353177223484,1.1352061794868,1.13634905859653,1.1349869293087,1.13526187084196,1.13288182991819,1.12800473378518,1.12811330841879,1.13141133534221,1.13307534716053,1.13391737842339,1.1370833189708,1.13541435807208,1.12903424471218
NaN,NaN,NaN,NaN,NaN,NaN,NaN,NaN,NaN,NaN,NaN,NaN,NaN,NaN,NaN,NaN,NaN,NaN,NaN,NaN,NaN,0,0,0,0,0,0,0,0,0,0,0.395251880932619,0.31963847762377,0.268309670998055,0.332154442109038,0.272958600941091,0.22597392372992,0.241038851978581,0.251770033744751,0.289111207288916,0.369803067673376,0.451419253486202,0.398969879812593,0.378264663289631,0.459959435996666,0.445349043846726,0.434915632349609,0.460594653487769,0.446952108541713,0.4603656301036,0.428152108521613,0.40280638936023,0.372151563915388,0.37919217292841,0.383668827015284,0.374941593748437,0.36466691395569,0.374958431758588,0.340254157279409,0.330845576315308,0.320305371845617,0.320493125959663,0.307251272183943,0.285032937692575,0.278824967838687,0.270463327220113,0.262600954593841,0.25099365038078,0.2493153025976,0.241536866135561,0.235158011949751,0.222337803441915,0.212075459245147,0.199793972125958,0.188998164996761,0.184203292697725,0.179693843981459,0.170518167299892,0.166064716181313,0.159364884188397,0.152107211203196,0.147520752349612,0.144066163612368,0.141169726454221,0.135245947639028,0.135006545194992,0.131488801407235,0.129424956616175,0.126639023053147,0.12543890905566,0.1246576512988,0.122309318454478,0.119419830417176,0.118906226756863,0.116705901058765,0.118304731387951,0.117033157307508,0.119036350151339,0.119129391622242,0.118150874500475,0.118315339925112,0.121474952598771,0.121834797213753,0.122762875473898,0.122878696971136,0.123842721206535,0.130146090665665,0.128813715308324,0.132360132680023,0.13744036241067,0.141359023690059,0.142242377516892,0.150192588998121,0.155039067175509,0.159082575653803,0.160151124523006,0.160313689550724,0.163462596796987,0.167554682579824,0.173182112103019,0.177473259075417,0.179675261045701,0.184682793424652,0.184888594384715,0.190624699419194,0.192671350834439,0.199493391904018,0.200161271119488,0.208824436312293,0.211208629413276,0.21771990544246,0.224902627576293,0.229554692397313,0.233607303725377,0.241455467144897,0.246741748909766,0.254435775403742,0.26094577784769,0.266033340594477,0.274064937321737,0.283587051419355,0.29171423789485,0.297784205159162,0.304333715718733,0.304805501484516,0.306481878645954,0.310414847195738,0.318462285682182,0.329216959227607,0.33695513641425,0.34376185395625,0.351077449869942,0.352533535662223,0.356481615738977,0.359700958046804,0.36938024361612,0.373970483532059,0.380554826262448,0.387523562919957,0.391221438844186,0.397461739014736,0.406757606336199,0.407844786869489,0.413948741896073,0.431726467260294,0.428068822210255,0.425772560672111,0.432312075638105
NaN,NaN,NaN,NaN,NaN,NaN,NaN,NaN,NaN,NaN,NaN,NaN,NaN,NaN,NaN,NaN,NaN,NaN,NaN,NaN,NaN,0,0,0,0,0,0,0,0,0,0.380916147352642,0.315382186517779,0.25504820301003,0.214091557271193,0.353380040315102,0.290401419268846,0.240414289722569,0.480828579445138,0.4017882650158,0.659113333621426,0.5901517775886,0.566028029487172,0.63669775715239,0.603655250465628,0.550521147268782,0.492031482041717,0.539825951156198,0.569064705180018,0.561970616801761,0.527459995948809,0.483287361953665,0.448479256057392,0.418429288417283,0.395190478769225,0.412111207192039,0.395138189805762,0.391497151445771,0.388946341550488,0.367836016882187,0.330973353180667,0.302376735527355,0.293237238754847,0.280187561274588,0.253345878922409,0.243670759242019,0.235429110470797,0.227756975820418,0.223963032892802,0.215513389006638,0.218558445202336,0.21339331586514,0.201291387393632,0.199269301284122,0.184284853975034,0.175484226806938,0.170602712975389,0.173568395444647,0.17124927331594,0.161217503521512,0.162600027078889,0.154649464349337,0.151342464711328,0.150255221437522,0.147302581058969,0.147675082687837,0.144659797184449,0.142805705878529,0.138619704835547,0.136052509103977,0.134738025609052,0.135524765779174,0.144010539883321,0.143788361279874,0.142863029497903,0.140207363312805,0.138045192935938,0.142822477559844,0.142229949798672,0.137925218925133,0.136475421330864,0.133886313445499,0.132288213543199,0.135043828575511,0.137298738357302,0.13883631086752,0.136064045481819,0.135516773194361,0.132762607378189,0.133590885396812,0.132286288694326,0.131705797275824,0.132083686940134,0.136594947264719,0.1356412820941,0.135806545339467,0.139731812024103,0.138749276906953,0.142288620622646,0.145954302587526,0.145956233563005,0.151667530230318,0.153741308189686,0.155724449778252,0.155994422177271,0.158452885979947,0.16251553730917,0.167275141842359,0.167181880829121,0.170874948763338,0.174084992867462,0.174407671193553,0.17742432482204,0.181380905648459,0.183992176681918,0.185990586935066,0.189057404333659,0.190565911670646,0.198788618262778,0.201915368696423,0.207639201834333,0.210880414514836,0.22074041616244,0.224261205512636,0.242836118750354,0.246187646699044,0.252474580815239,0.253346738882215,0.26506423948987,0.27046933617579,0.282613456392118,0.289745409882762,0.298267520391687,0.305368674483295,0.308665201838748,0.316161257717351,0.32560968360879,0.334478703600858,0.348570644977365,0.36135164271489,0.365880568956613,0.370054642565531,0.376724813916357,0.392802321702195,0.403074052567018,0.411326862512419,0.413377044865486,0.41869317305032,0.444785773268266
NaN,NaN,NaN,NaN,NaN,NaN,NaN,NaN,NaN,NaN,NaN,NaN,NaN,NaN,NaN,NaN,NaN,NaN,NaN,NaN,NaN,0,0,0,0,0,0,0,0,0.313065030801067,0.239880997626792,0.39722229714544,0.321231944648051,0.269647252806758,0.445080405235252,0.365759144896296,0.37850075445211,0.302800603561688,0.303630194256377,0.290552489260316,0.260152631229056,0.259239814979129,0.213844709895953,0.223617879143619,0.269647252806758,0.258213003037227,0.25901261093445,0.238911389713991,0.231395892331224,0.213535685748705,0.199401079277271,0.197700088258166,0.204003720024994,0.186652666784973,0.192790749598088,0.191960197869938,0.179910748220094,0.175852917675404,0.15994454096764,0.168728761898694,0.158684165096761,0.163192699152753,0.180457589400094,0.177673930908105,0.170130517912301,0.179148584515259,0.177852443340628,0.176300204570058,0.174868739120619,0.190188808848663,0.192308010014153,0.19336690863716,0.181262390852036,0.175000448552905,0.167492864473638,0.165287130355821,0.166332578543106,0.163981675335215,0.166892584750512,0.165410478960564,0.162727788819242,0.162375810981162,0.16416494887581,0.164791513111179,0.163512996058541,0.156031519365095,0.152333014291815,0.150148113453813,0.146402489522102,0.145458749053127,0.154249887791471,0.152149808225304,0.150198618582521,0.146283258675479,0.142326653557677,0.139349474881067,0.140888325231277,0.142328754537166,0.143785308684569,0.145880426695253,0.143226679051198,0.144610415044523,0.144983824798508,0.144611533800635,0.143743842800083,0.144565197709361,0.146564494632762,0.145188364936628,0.148436199056102,0.14848494730647,0.148869177129877,0.150475249020472,0.151752844111778,0.15304373751859,0.156408454257055,0.15906926124236,0.158532132363734,0.158085215221995,0.164440533818766,0.166706195943964,0.171168907582828,0.167505548356425,0.177705456836552,0.179024188610082,0.178782016187038,0.18383970975027,0.189675772775613,0.192967118101436,0.197083296745021,0.201181963755508,0.205040340387254,0.2066909611832,0.213537311993398,0.2187709825712,0.223680245049496,0.231724462580302,0.240278275274816,0.243404124073211,0.246124316340563,0.251656615543977,0.26361330011712,0.26898209557313,0.274049449416759,0.277917135614625,0.287823740946065,0.290601519203966,0.295410167403267,0.305121767097556,0.311042310463197,0.319127805272628,0.322991563432598,0.331696408593263,0.333088658240299,0.33890478705053,0.348428091769613,0.358124557442584,0.368564494063097,0.373687450060233,0.38393405804707,0.38709279752505,0.392818260705756,0.403214527673967,0.409688573875243,0.417321757449123,0.422222274035802,0.430386293349412,0.430632198138231,0.437909645969755
NaN,NaN,NaN,NaN,NaN,NaN,NaN,NaN,NaN,NaN,NaN,NaN,NaN,NaN,NaN,NaN,NaN,NaN,NaN,NaN,NaN,0,0,0,0,0,0,0,0,0,0,0,0,0,0,0.374356798479805,0.309918333167707,0.247934666534166,0.207178282994303,0.169932748972855,0.152153064975695,0.132666795250738,0.218871413293547,0.183099451072447,0.157706096544151,0.140950742391278,0.132550522862262,0.12226365932566,0.222903679566457,0.194271222332487,0.171863802938456,0.192711705639451,0.173999248257986,0.159200154300885,0.151786578267604,0.145535168000232,0.163679812322339,0.154274205969916,0.158059275321124,0.142219374812048,0.129931397410516,0.123073823076132,0.147759587415607,0.133604369775478,0.122915055018292,0.113809474855566,0.105696639173208,0.09993842285408,0.106853289943367,0.102452341543044,0.0948570914361773,0.0879610018528795,0.081548660943514,0.0829580937690362,0.0777620647118001,0.0744358663286018,0.0713396917857741,0.0725778516768013,0.0740201003544889,0.0752438540228065,0.0706588150637981,0.0722576824687099,0.0700099431794721,0.0714872184748436,0.0669426343192834,0.0674506136722624,0.0638683051460477,0.0607562382900727,0.0578942240927561,0.0562427810289911,0.0544951778711169,0.0552329702675121,0.0529593541075624,0.0506101996383182,0.0512550439699447,0.0523394748705153,0.0515000328892434,0.050232545033161,0.0480539340342011,0.0462975316330979,0.0464673456957229,0.0450464226917236,0.0440456409594311,0.0455417906499932,0.0444907231953641,0.0470347213764083,0.0474714200563231,0.0515273545264717,0.0504915238393174,0.0547817879996386,0.0574647082085934,0.0616049476928069,0.0598023513585769,0.0631422026339499,0.0630877014081846,0.0662010495459013,0.0679222215205873,0.070089006779216,0.0808456415805351,0.0801257138824913,0.0854939203200473,0.0891503539319821,0.0916149690692452,0.0952543829858863,0.0982027859499773,0.0982834642199565,0.107501107671565,0.113036345964975,0.130217870871502,0.136080321316384,0.137362964994127,0.142002969796458,0.147432248054069,0.151346314896291,0.150960425796864,0.159204745641783,0.163772488376084,0.170134597542764,0.174922809611714,0.18327746094546,0.186321539915506,0.19103807947818,0.199613472536349,0.209339653849625,0.212852241296163,0.216660090864132,0.233412717206137,0.237982425777654,0.242468442193335,0.252150662085991,0.25844846379827,0.266526328399056,0.276901217677854,0.282492244368897,0.290389232721523,0.299098883940356,0.310877287129357,0.317231133109159,0.326153899479442,0.337987439154922,0.344615978295708,0.347613411910922,0.355151237893719,0.368355412971743,0.372684323951887,0.382295097544735,0.390702964971425,0.38793599023225
NaN,NaN,NaN,NaN,NaN,NaN,NaN,NaN,NaN,NaN,NaN,NaN,NaN,NaN,NaN,NaN,NaN,NaN,NaN,NaN,NaN,0,0,0,0,0,0,0,0,0,0,0,0,0,0,0,0,0,0.165232075142993,0.135527432420657,0.121347499853506,0.105806504258233,0.0872788819496274,0.073014173640669,0.125776240724072,0.112413247767367,0.158570659317772,0.14626444808535,0.177773640168585,0.15493823359587,0.137067516879983,0.15369446337205,0.138770610739053,0.126967805109879,0.121055213623429,0.13928338897735,0.130540492266651,0.123039185502603,0.126057913404105,0.129628602745175,0.133232048808231,0.126200271296148,0.130937271878403,0.130232976383808,0.119813397453335,0.110937588912896,0.103029473784612,0.106272612206507,0.102263174950729,0.106222218744547,0.0983474907869422,0.0911976499422477,0.0910531547482687,0.0902209645365402,0.0902080320496477,0.0971431529028605,0.0982748234233841,0.0964723785126651,0.0953620853829564,0.102873701368346,0.104655435700928,0.103730545326424,0.100503771172337,0.106900515380548,0.106778280273883,0.101259805743752,0.101874505789177,0.105461466742574,0.100493545363933,0.105542647639135,0.107376333698266,0.105231188904775,0.110285434949734,0.121090321660844,0.12263318077019,0.121053537886807,0.129380310141081,0.134208529215554,0.143717728117416,0.145849538884753,0.148237466682785,0.155679896062024,0.168948811509027,0.18655890882214,0.20322047270415,0.218819235987326,0.23170412907695,0.239231050098131,0.260308979237435,0.280464380678896,0.295812823699904,0.304346339811359,0.331211872430872,0.35121588670213,0.371070864952693,0.395368821848528,0.410491222209035,0.440051899032938,0.461891820902204,0.482696755817344,0.497411172367727,0.520675083619183,0.541549539326273,0.562379923698694,0.587923835671037,0.608511797897283,0.634446179617744,0.658792263856944,0.685238319255805,0.705437935336223,0.735963826079388,0.762133200925457,0.787251447231719,0.80709599054209,0.815331012248545,0.835750545618216,0.875884831700303,0.86722594944915,0.899696030183342,0.912532201931368,0.897272548296098,0.954840550100516,0.968525137804544,0.997870354606229,1.00325010960412,1.02160754997431,1.04036609780311,1.05755973985452,1.07157160462014,1.07205171024699,1.09837546679672,1.10115255772123,1.11873098479451,1.14297343066045,1.1512070809143,1.17066007170965,1.18296995576676,1.19802520361583,1.20788106132673,1.21780879180534,1.22598033875415,1.25257127424109,1.24492089798848,1.25267314733072,1.26926470304048,1.27288746146603,1.27916683308816,1.30382739405905
NaN,NaN,NaN,NaN,NaN,NaN,NaN,NaN,NaN,NaN,NaN,NaN,NaN,NaN,NaN,NaN,NaN,NaN,NaN,NaN,NaN,0,0,0,0,0,0,0,0,0,0.388863748046685,0.321962458060158,0.260369639996476,0.218558456931348,0.180376557828884,0.148230240592053,0.122715199178667,0.0981721593429335,0.164068540271752,0.134573072357729,0.180739488528741,0.262653584206971,0.216660698984043,0.253750072877921,0.218558456931348,0.223243307359513,0.262423388252364,0.338880453026941,0.330978355927723,0.288463473984535,0.255191834655637,0.244179478895778,0.220469460466413,0.226932696754823,0.21636497583007,0.218979085216436,0.205233644802417,0.213802339541479,0.205636816300591,0.193073671786747,0.183741461705908,0.174043877002992,0.169019805381994,0.158705875969583,0.146008259380361,0.14520614538265,0.134855218106577,0.13190532422729,0.126928819837197,0.121701023978843,0.142726458452659,0.156730590552723,0.142075960140426,0.146323219445511,0.137158354807903,0.131291536588827,0.125830439226427,0.124530948346711,0.137526769413092,0.142583374283784,0.13389495269124,0.131611230307812,0.129365238981091,0.129146418184367,0.12093632443125,0.122541354256172,0.126446404559099,0.134436330495841,0.128103504479239,0.124449329175373,0.121851667043709,0.126360205094865,0.125818649473046,0.128030804571608,0.127110392528245,0.128490831476666,0.126430042781004,0.126301932780275,0.147462549897918,0.145739090437921,0.143688995181669,0.141843217205126,0.142844385619634,0.141802737140156,0.138530045402345,0.142782915625497,0.142103609012741,0.141361984530356,0.147088512495923,0.147641365547637,0.148933400670392,0.161265377838958,0.163782009606324,0.163473134495828,0.171738828367091,0.176175434367907,0.176308184368871,0.180686024797886,0.188577564122241,0.20112373565034,0.208107510422538,0.208541276906582,0.226724026418682,0.227349126685633,0.226047716125973,0.239130423531607,0.245881919360466,0.256250977042427,0.275634725187379,0.284536545808303,0.288686505827485,0.286207022539532,0.298271223312491,0.324679420538374,0.328758424573538,0.343258555930637,0.353905312128947,0.354406159640256,0.352947916313527,0.360802513592268,0.366863458983617,0.379801147371356,0.396362609448102,0.403321668907467,0.41229319562774,0.416150374615494,0.426706648078759,0.431924802301196,0.446472150552667,0.460123749720846,0.474176459089758,0.477496785932337,0.479467836317075,0.49687062970786,0.504645243745696,0.515523752354559,0.525772392724212,0.541514827468729,0.540550043684834,0.540721785354651,0.542025895425967,0.565822575743488,0.579696840985191,0.583415732904149,0.592071641546629,0.59984346757032,0.597513162341506,0.60855414346883
NaN,NaN,NaN,NaN,NaN,NaN,NaN,NaN,NaN,NaN,NaN,NaN,NaN,NaN,NaN,NaN,NaN,NaN,NaN,NaN,NaN,0,0,0,0,0,0,0,0,0,0,0,0,0.508717838824926,0.83969089059054,1.03506451364874,1.14253022818057,1.14253022818057,1.14566044798381,1.09631552232158,0.981610477732603,1.22270778805289,1.21032145734903,1.01250862836341,0.944761700674862,0.909339063249028,0.855145324159691,0.788779963513506,0.770386999841726,0.760953016456809,0.673184003763211,0.710441834036848,0.769748851383505,0.704279685918466,0.671483040568589,0.643827657450483,0.603414233065063,0.5924374695598,0.541072840219285,0.486849258972162,0.461891822732793,0.437513900444873,0.423673823215896,0.383086303441778,0.352436631701719,0.349637176851245,0.335537297948355,0.327491777593021,0.324984223446021,0.311599153140156,0.29724130622761,0.283738750397292,0.26305424751057,0.257174700808173,0.254097355598914,0.261938473789586,0.262997524222697,0.256413646346851,0.251888299684716,0.252623421454851,0.255835875028086,0.248622962126693,0.253793747143678,0.271777057527621,0.277635983300269,0.285227914669351,0.290854773906858,0.296445529217417,0.298174405417987,0.31711124677681,0.336801831571331,0.350677594788096,0.360646943476343,0.367971624335382,0.382881312911254,0.390728257021055,0.403447354725798,0.400462385345741,0.391951795941462,0.40749440378767,0.399710063149288,0.399349203518594,0.402075318554254,0.408283317784538,0.421226478905072,0.426265100422109,0.448015067378159,0.464719415794073,0.468673065104619,0.477202345491478,0.487889295615081,0.503111466625158,0.53278923781506,0.544638609425577,0.550914702901318,0.561890960379695,0.563397390962096,0.581370318439395,0.608276031094133,0.626380075335037,0.639397650633164,0.643410194155773,0.660586355560788,0.654767625124844,0.661307645795372,0.666252898687119,0.684214943143927,0.70978831810817,0.707744677292086,0.707394840409259,0.726050376799549,0.749851409915518,0.770689742817613,0.798404280403931,0.81944000057439,0.827110299436886,0.844469020109797,0.848291972519032,0.870756952904652,0.887522112072899,0.900831674954953,0.922743710904488,0.939794736798543,0.946812659295052,0.949935586572092,0.950242066301378,0.964579573817545,0.988281721933056,0.987964517999993,1.00730623330834,1.01478005823302,1.02685920884654,1.04641116941666,1.06285422322454,1.08853393657478,1.0956943243453,1.10034476573684,1.10410006920275,1.1086332985228,1.12688295084199,1.1366364860889,1.13942891683766,1.1470525947766,1.16527785518551,1.17425509838508,1.18507311849422,1.19179765400011,1.20728421706144
